1,org.apache.tools.ant.taskdefs.Java,0.7964635050052288,1.1885434622149196,2
2,org.apache.tools.ant.taskdefs.Touch,0.9089026290433756,1.3022968170001137,2
3,org.apache.tools.ant.taskdefs.cvslib.ChangeLogTask,0.9433690935563781,1.1787023105782526,2
4,org.apache.tools.ant.taskdefs.optional.ejb.WeblogicTOPLinkDeploymentTool,0.9654129789468017,1.2924812503605776,0
5,org.apache.tools.ant.taskdefs.JDBCTask,0.8301118323912243,0.9309982544900326,1
6,org.apache.tools.ant.launch.Locator,0.9587738774632163,1.4046364250134706,4
7,org.apache.tools.ant.IntrospectionHelper,0.9651621160498771,1.2730139027298495,4
8,org.apache.tools.ant.taskdefs.optional.ejb.JbossDeploymentTool,0.9282380987231662,1.2799643020311746,0
9,org.apache.tools.ant.taskdefs.optional.ejb.WebsphereDeploymentTool,0.8358148751701032,1.9807588827343277,0
10,org.apache.tools.ant.taskdefs.optional.ejb.DescriptorHandler,0.8570917683269013,1.0716130031679796,0
11,org.apache.tools.ant.taskdefs.optional.junit.XMLJUnitResultFormatter,0.8879040558529309,1.0866670089913504,0
12,org.apache.tools.ant.taskdefs.SubAnt,0.892172081128949,1.470284586462398,1
13,org.apache.tools.ant.taskdefs.optional.net.SetProxy,0.9434015542924261,0.9261846567076136,0
14,org.apache.tools.ant.types.PropertySet,0.9699694546138212,1.0523019162179124,0
15,org.apache.tools.ant.RuntimeConfigurable,0.944363050479154,1.3591666988220859,1
16,org.apache.tools.ant.types.AbstractFileSet,0.78595641324701,1.6356331681560476,3
17,org.apache.tools.ant.taskdefs.optional.vss.MSVSS,0.7086967505202086,1.0151831451508828,0
18,org.apache.tools.ant.Project,0.7196953330764323,1.628123033142167,10
19,org.apache.tools.ant.util.regexp.RegexpMatcher,1.0,0.7589919004962047,0
20,org.apache.tools.ant.taskdefs.Ear,0.8281623656910554,0.9103040158032891,1
21,org.apache.tools.tar.TarBuffer,0.9178269148217781,2.183467244455831,1
22,org.apache.tools.ant.taskdefs.cvslib.CvsTagDiff,0.9717507535729193,1.1267734724339489,1
23,org.apache.tools.ant.taskdefs.PathConvert,0.9561690880094476,1.4620559961694999,0
24,org.apache.tools.ant.taskdefs.optional.ejb.BorlandDeploymentTool,0.7057115785017596,1.4480417009574622,2
25,org.apache.tools.ant.taskdefs.optional.ejb.WeblogicDeploymentTool,0.8455087429467053,2.0375614096206944,1
26,org.apache.tools.ant.DirectoryScanner,0.8839311853147858,1.215438856525056,3
27,org.apache.tools.ant.taskdefs.Concat,0.9460717823078695,1.3479543219008452,4
28,org.apache.tools.ant.taskdefs.Replace,0.9743251218387559,1.5125196132993584,3
29,org.apache.tools.ant.taskdefs.ExecuteJava,0.9239393579063357,1.3279787419095592,0
30,org.apache.tools.ant.taskdefs.Filter,0.9468093827149876,0.8767639543580418,0
31,org.apache.tools.ant.taskdefs.optional.pvcs.Pvcs,0.9572774835590726,1.2063459155413236,0
32,org.apache.tools.ant.taskdefs.optional.vss.MSVSSHISTORY,1.0,0.7776075786635526,0
33,org.apache.tools.ant.types.selectors.SelectorUtils,0.7437205216443141,1.3150399781657363,1
34,org.apache.tools.ant.taskdefs.condition.ConditionBase,1.0,1.0605688763175463,0
35,org.apache.tools.ant.types.optional.depend.DependScanner,0.9402739938541541,1.9200295435651542,0
36,org.apache.tools.ant.taskdefs.optional.clearcase.CCCheckin,0.9381884316962068,1.249443412494232,0
37,org.apache.tools.ant.taskdefs.LoadResource,0.9482673079162646,0.8085024837758911,1
38,org.apache.tools.ant.taskdefs.optional.unix.Symlink,0.9186087723325529,1.6308742738112179,5
39,org.apache.tools.ant.BuildException,0.9493474741713559,1.8705408513192188,0
40,org.apache.tools.bzip2.CBZip2OutputStream,0.7283641936273575,1.2296745928750055,6
41,org.apache.tools.ant.taskdefs.ExecTask,0.7461320230695596,1.4638540826325068,1
42,org.apache.tools.ant.taskdefs.optional.perforce.P4Integrate,0.7031849566511862,1.1961019835344096,0
43,org.apache.tools.ant.taskdefs.Javadoc,0.9222530296861726,1.4006069733822795,4
44,org.apache.tools.ant.taskdefs.optional.ejb.EjbJar,0.8308044387891311,1.0005101329056705,0
45,org.apache.tools.ant.listener.TimestampedLogger,1.0,0.41503749927884365,0
46,org.apache.tools.ant.taskdefs.optional.TraXLiaison,0.7931529901416938,1.0955265241842698,2
47,org.apache.tools.ant.util.FileUtils,0.7579316027231127,1.652289435376923,4
48,org.apache.tools.ant.taskdefs.optional.jsp.WLJspc,0.9774416957358296,0.8391069316848601,0
49,org.apache.tools.ant.types.ArchiveFileSet,0.897946079660532,1.5891924056465445,3
50,org.apache.tools.ant.taskdefs.Delete,0.9246677622431355,1.3638881567488907,5
51,org.apache.tools.ant.types.resources.URLResource,0.8536844760309225,1.1057612562454049,0
52,org.apache.tools.ant.taskdefs.optional.vss.MSVSSCHECKOUT,1.0,0.7589919004962047,0
53,org.apache.tools.ant.taskdefs.optional.javacc.JavaCC,0.7872876813235271,1.3372462576293338,0
54,org.apache.tools.ant.taskdefs.optional.ejb.GenericDeploymentTool,0.8737737356460541,1.3271324868734178,0
55,org.apache.tools.ant.taskdefs.Get,0.9200882132936227,0.7234106938085811,3
56,org.apache.tools.ant.taskdefs.optional.ANTLR,0.8194182217550571,0.9751554454433882,0
57,org.apache.tools.ant.taskdefs.CopyPath,0.7452349950648087,1.191340172101523,0
58,org.apache.tools.ant.types.selectors.SizeSelector,0.664212062473468,0.5870478448505612,0
59,org.apache.tools.ant.filters.HeadFilter,0.7808208886310851,0.8062462089862841,0
60,org.apache.tools.ant.filters.LineContainsRegExp,0.7300633373327055,0.5625781459393081,0
61,org.apache.tools.ant.types.resources.Resources,0.8295383071770255,1.2055802870188,0
62,org.apache.tools.ant.taskdefs.Definer,0.8712092997733177,1.3179743649428493,1
63,org.apache.tools.ant.taskdefs.Copy,0.9191233789151902,1.2186712737417202,5
64,org.apache.tools.ant.taskdefs.MacroInstance,0.9397276783191646,1.0791908858699084,2
65,org.apache.tools.ant.taskdefs.Javac,0.7812936280315154,1.6056120538487524,3
66,org.apache.tools.ant.taskdefs.optional.splash.SplashTask,0.9496950604741278,0.7516043017117949,1
67,org.apache.tools.ant.taskdefs.optional.junit.XMLConstants,1.0,0.8797057662822879,0
68,org.apache.tools.ant.AntClassLoader,0.8870488977134109,1.6175887573485144,6
69,org.apache.tools.ant.taskdefs.optional.windows.Attrib,1.0,2.024675055101506,1
70,org.apache.tools.ant.taskdefs.optional.ssh.SSHBase,0.884264647171214,1.2438955626381454,0
71,org.apache.tools.ant.taskdefs.Checksum,0.9630301018194629,1.234141254361205,2
72,org.apache.tools.ant.taskdefs.cvslib.CvsVersion,0.9465758671485732,1.2794974730737516,1
73,org.apache.tools.ant.taskdefs.Echo,0.929987287733498,1.097023600878509,0
74,org.apache.tools.ant.taskdefs.Input,0.9656807938099783,0.915931003069728,0
75,org.apache.tools.ant.taskdefs.condition.Http,1.0,0.6663408169327624,0
76,org.apache.tools.ant.taskdefs.optional.junit.JUnitTask,0.8746107406262347,1.4988985297054593,5
77,org.apache.tools.ant.util.ReaderInputStream,0.9759285701108562,0.8924845568868245,0
78,org.apache.tools.ant.taskdefs.LoadProperties,0.8972490703021899,0.8948401959273269,1
79,org.apache.tools.ant.types.resources.selectors.Not,1.0,1.10980032631426,0
80,org.apache.tools.ant.taskdefs.optional.perforce.P4Counter,0.8708705398615164,0.9912476773807979,0
81,org.apache.tools.ant.taskdefs.optional.depend.constantpool.InterfaceMethodRefCPInfo,1.0,0.9161684091965293,0
82,org.apache.tools.ant.taskdefs.optional.clearcase.CCMkelem,0.9622831375850648,1.2784216818399696,0
83,org.apache.tools.ant.types.resources.FileResource,0.8715640452764466,1.3491273505836434,2
84,org.apache.tools.zip.ZipLong,1.0,0.9567139252350159,1
85,org.apache.tools.ant.taskdefs.Dirname,0.9401857908228901,0.8337123304565643,0
86,org.apache.tools.ant.taskdefs.Ant,0.9594928420427941,1.1394880500162423,3
87,org.apache.tools.ant.taskdefs.UpToDate,0.9058006750804644,0.9238181769014735,1
88,org.apache.tools.ant.taskdefs.rmic.ForkingSunRmic,1.0,0.6309297535714571,0
89,org.apache.tools.ant.taskdefs.optional.jlink.jlink,0.8012934359612524,1.4751238919264584,0
90,org.apache.tools.ant.FileScanner,1.0,0.8194277543581792,0
91,org.apache.tools.ant.taskdefs.optional.vss.MSVSSGET,1.0,0.7776075786635526,0
92,org.apache.tools.ant.taskdefs.ProcessDestroyer,0.9597649556457258,0.9108776637290013,0
93,org.apache.tools.ant.taskdefs.Apt,1.0,1.6451096175800122,1
94,org.apache.tools.ant.taskdefs.optional.i18n.Translate,0.8871257461107641,1.250785394116842,0
95,org.apache.tools.ant.types.resources.PropertyResource,1.0,0.8956633401852646,0
96,org.apache.tools.ant.taskdefs.optional.clearcase.CCMklbtype,0.9660440051588874,1.343409932230566,0
97,org.apache.tools.ant.taskdefs.optional.ejb.IPlanetEjbc,0.932479512604103,1.3256836532194,0
98,org.apache.tools.ant.Target,0.9311841306306441,1.3908151396890878,1
99,org.apache.tools.ant.taskdefs.optional.perforce.P4Base,0.8835457770218063,1.2899224932755564,0
100,org.apache.tools.mail.SmtpResponseReader,0.9984128175286423,0.7065806001237287,0
101,org.apache.tools.ant.types.selectors.modifiedselector.ModifiedSelector,0.935711728066149,1.6255102553095948,2
102,org.apache.tools.ant.types.selectors.DateSelector,0.7369003618644901,1.0635291984995852,0
103,org.apache.tools.ant.UnknownElement,0.9525002695325335,1.2955261213283318,3
104,org.apache.tools.zip.AsiExtraField,0.8872380738735706,1.6008355013728461,1
105,org.apache.tools.ant.types.resources.FileResourceIterator,1.0,0.926699981600951,0
106,org.apache.tools.ant.NoBannerLogger,1.0,0.8539096242533449,1
107,org.apache.tools.tar.TarInputStream,1.0,1.0224373891197558,1
108,org.apache.tools.ant.taskdefs.optional.clearcase.CCUnlock,0.9067356896078483,1.679248163845078,0
109,org.apache.tools.ant.types.TarFileSet,1.0,1.4210271834626684,0
110,org.apache.tools.ant.taskdefs.rmic.DefaultRmicAdapter,0.8188818453579131,0.5821071333385355,3
111,org.apache.tools.ant.AntTypeDefinition,0.9321153194766285,1.2780327887858078,0
112,org.apache.tools.ant.taskdefs.Rmic,0.7058946823708432,1.1614714513358184,2
113,org.apache.tools.ant.types.selectors.ContainsSelector,0.8918082818246758,1.6472658844818315,0
114,org.apache.tools.ant.types.resources.BaseResourceCollectionContainer,0.9185559133164974,1.0620168884546262,1
115,org.apache.tools.ant.taskdefs.optional.jdepend.JDependTask,0.9243688145483895,1.339244774910759,0
116,org.apache.tools.ant.MagicNames,1.0,0.8845227825800641,2
117,org.apache.tools.ant.taskdefs.XSLTProcess,0.90560717796794,1.2419137980898411,2
118,org.apache.tools.ant.types.resources.selectors.Compare,0.8448708877434489,1.182008956549239,0
119,org.apache.tools.ant.taskdefs.SQLExec,0.9545403163127086,1.2850281163455315,8
120,org.apache.tools.ant.taskdefs.Execute,0.800785067397675,1.1320301249196916,0
121,org.apache.tools.ant.taskdefs.optional.junit.BriefJUnitResultFormatter,0.9151061173837409,1.2062770639970966,0
122,org.apache.tools.ant.taskdefs.optional.ssh.AbstractSshMessage,1.0,1.3936353380071356,0
123,org.apache.tools.ant.taskdefs.XmlProperty,0.872141053416611,1.4456244346503868,1
124,org.apache.tools.tar.TarEntry,0.8682116702150686,2.790268297803087,1
125,org.apache.tools.ant.taskdefs.optional.clearcase.CCMklabel,0.9560962468054377,1.2210135128963842,0
126,org.apache.tools.ant.types.selectors.AbstractSelectorContainer,0.9744686267350676,1.660162952830471,1
127,org.apache.tools.ant.types.XMLCatalog,0.8792854544130793,1.4548482314431606,0
128,org.apache.tools.ant.taskdefs.optional.javacc.JJDoc,0.926039011108811,0.8932511514412721,0
129,org.apache.tools.ant.taskdefs.optional.dotnet.Ilasm,0.8137549039551399,1.9324271935095767,0
130,org.apache.tools.ant.taskdefs.Available,0.9619353779179517,1.1603932477902623,1
131,org.apache.tools.ant.taskdefs.Zip,0.8735441185813619,1.1135751166355057,8
132,org.apache.tools.ant.taskdefs.email.Mailer,1.0,0.9198296513160175,1
133,org.apache.tools.ant.taskdefs.optional.clearcase.CCLock,0.9540319908941559,1.233005051401829,0
134,org.apache.tools.ant.taskdefs.optional.sound.AntSoundPlayer,0.8952877805449415,1.8096259402161468,0
135,org.apache.tools.ant.helper.ProjectHelper2,0.8913713359897729,1.6344637901402257,1
136,org.apache.tools.ant.taskdefs.optional.script.ScriptDefBase,1.0,1.496095842123717,0
137,org.apache.tools.ant.taskdefs.optional.extension.JarLibAvailableTask,0.8073940992237345,0.7474305103498992,0
138,org.apache.tools.ant.taskdefs.optional.clearcase.CCMkattr,0.9662431909073809,1.3520580404737887,0
139,org.apache.tools.ant.filters.TailFilter,0.8348598937097875,0.7630330803543325,0
140,org.apache.tools.ant.taskdefs.optional.jsp.JspC,0.8523815275597694,1.6439473203099435,0
141,org.apache.tools.ant.types.optional.ScriptSelector,0.7154326797909506,1.1020227084123002,0
142,org.apache.tools.ant.taskdefs.Redirector,0.9836010569609401,1.1716166179593646,2
143,org.apache.tools.ant.taskdefs.DefaultExcludes,0.9433727836285328,1.0214524711557424,0
144,org.apache.tools.ant.taskdefs.Recorder,0.8920175841447563,1.3629464123134143,2
145,org.apache.tools.ant.types.selectors.SelectSelector,0.9370857284231121,1.5233366852256107,0
146,org.apache.tools.ant.taskdefs.optional.clearcase.CCCheckout,0.933440395086719,1.3374871061588136,0
147,org.apache.tools.ant.PropertyHelper,0.9015518784180392,1.3134792650039726,3
148,org.apache.tools.ant.taskdefs.Exec,0.8413449273562557,0.8800978405306166,0
149,org.apache.tools.ant.util.LazyFileOutputStream,0.9138569987970475,1.7828499439610959,0
150,org.apache.tools.ant.taskdefs.optional.junit.JUnitTestRunner,0.9434300669690246,1.188626209723921,6
151,org.apache.tools.ant.taskdefs.Expand,0.8713941900243488,1.2685227805196588,4
152,org.apache.tools.ant.taskdefs.cvslib.ChangeLogParser,0.9110420459467775,1.0705594452465816,1
153,org.apache.tools.ant.types.resources.Files,0.7025340717708535,1.1172271858152476,1
154,org.apache.tools.ant.taskdefs.condition.TypeFound,1.0,1.1451173799643017,0
155,org.apache.tools.ant.types.CommandlineJava,0.9087753848638097,1.6855097522644575,0
156,org.apache.tools.ant.taskdefs.optional.perforce.P4Add,0.9516324575593571,1.14385056730354,0
157,org.apache.tools.ant.taskdefs.optional.dotnet.DotnetCompile,0.8025322544085601,2.282141884454754,0
158,org.apache.tools.ant.taskdefs.optional.j2ee.WebLogicHotDeploymentTool,0.8920689286562563,1.7160439322472782,0
159,org.apache.tools.ant.taskdefs.optional.junit.SummaryJUnitResultFormatter,0.8057793720285285,0.8410203616588514,0
160,org.apache.tools.ant.taskdefs.optional.junit.XalanExecutor,1.0,1.4553412697048178,0
161,org.apache.tools.ant.types.resources.selectors.Date,0.7665844033841639,1.0785151961116524,0
162,org.apache.tools.ant.util.DOMElementWriter,0.9223438962780236,1.091754520326077,0
163,org.apache.tools.ant.taskdefs.condition.Os,0.9721715478345301,0.8474605551515004,1
164,org.apache.tools.ant.util.DeweyDecimal,0.9045342502063881,0.631628582833847,0
165,org.apache.tools.ant.Diagnostics,0.6370829858459807,0.7354871332713663,3
166,org.apache.tools.ant.taskdefs.condition.IsFileSelected,1.0,1.0096826624334654,0
167,org.apache.tools.ant.input.InputRequest,1.0,0.9092345360768177,0
168,org.apache.tools.ant.types.resources.Restrict,1.0,0.6354275677041439,0
169,org.apache.tools.ant.taskdefs.optional.dotnet.Ildasm,0.8016838307080697,1.4643484731894028,0
170,org.apache.tools.ant.taskdefs.Length,0.8932065023460865,1.3559764406509658,1
171,org.apache.tools.ant.taskdefs.condition.IsSigned,0.7514769678733659,0.5900705788353686,1
172,org.apache.tools.ant.taskdefs.optional.sos.SOSGet,1.0,0.5849625007211565,0
173,org.apache.tools.ant.taskdefs.optional.ejb.IPlanetEjbcTask,0.9065574360509931,1.0371720552186985,0
174,org.apache.tools.ant.taskdefs.optional.vss.MSVSSConstants,1.0,0.9422845021437125,0
175,org.apache.tools.ant.taskdefs.DefBase,0.8613917130245377,1.1834551920024714,0
176,org.apache.tools.ant.taskdefs.optional.XMLValidateTask,0.8550018420957082,1.212572043676673,0
177,org.apache.tools.ant.taskdefs.optional.clearcase.CCMkdir,0.9399143349283676,1.0044295913503933,0
178,org.apache.tools.ant.taskdefs.MakeUrl,0.8927438241345809,1.5540037857532658,0
179,org.apache.tools.ant.taskdefs.optional.extension.Specification,0.9028088246586623,1.296471601922324,0
180,org.apache.tools.zip.JarMarker,1.0,1.0123837244558325,0
181,org.apache.tools.ant.taskdefs.email.EmailTask,0.9462091214513251,1.2517032301752058,4
182,org.apache.tools.ant.taskdefs.optional.ccm.CCMCheck,0.8397022468663908,1.0073325055263564,0
183,org.apache.tools.ant.taskdefs.optional.junit.JUnitVersionHelper,1.0,0.6309297535714571,1
184,org.apache.tools.ant.listener.MailLogger,0.9244679597413346,0.4532077325953661,4
185,org.apache.tools.ant.taskdefs.optional.ssh.Directory,0.9568313631429649,1.987738840432966,0
186,org.apache.tools.ant.util.StringTokenizer,0.8989424926627703,0.9185754780542615,0
187,org.apache.tools.ant.taskdefs.optional.SchemaValidate,0.7903921462253126,1.4788923549642574,0
188,org.apache.tools.ant.taskdefs.Sync,0.8700880079405977,1.0219207332840103,4
189,org.apache.tools.ant.taskdefs.optional.ejb.JonasDeploymentTool,0.8714948500104439,1.254028341824409,0
190,org.apache.tools.ant.types.Parameter,1.0,0.8624964762500653,0
191,org.apache.tools.ant.taskdefs.optional.j2ee.JonasHotDeploymentTool,0.9386781502686424,1.1345381181632994,0
192,org.apache.tools.ant.XmlLogger,0.8616640758780029,1.2630234153817819,1
193,org.apache.tools.ant.types.selectors.FilenameSelector,1.0,1.0397262783156107,0
194,org.apache.tools.ant.taskdefs.ManifestClassPath,0.9868852625496043,0.6337528778649762,2
195,org.apache.tools.ant.filters.TokenFilter,0.8653831724977241,0.738524501724958,0
196,org.apache.tools.ant.types.DataType,0.9459398092748568,1.9480310797608562,0
197,org.apache.tools.ant.Task,0.800260222703482,0.900622703988394,0
198,org.apache.tools.ant.taskdefs.optional.Javah,0.8615514824817478,1.4764086876932494,0
199,org.apache.tools.ant.util.JAXPUtils,0.6980668779194067,0.8459001547555308,0
200,org.apache.tools.ant.taskdefs.AbstractCvsTask,0.8142914113138435,1.2803349361818674,1
201,org.apache.tools.mail.MailMessage,0.8528894169236502,1.9235620042810624,0
202,org.apache.tools.ant.types.EnumeratedAttribute,1.0,1.1495591059896384,0
203,org.apache.tools.ant.taskdefs.optional.javacc.JJTree,0.8538936861480059,0.9584924882973034,0
204,org.apache.tools.ant.util.ScriptRunnerCreator,0.9152964671768602,1.220314898396899,0
205,org.apache.tools.ant.taskdefs.GUnzip,1.0,0.4739311883324126,0
206,org.apache.tools.ant.taskdefs.optional.perforce.P4HandlerAdapter,0.8775822864943043,0.8673814889684224,0
207,org.apache.tools.ant.helper.AntXMLContext,0.7882016610194785,1.6640027558603823,0
208,org.apache.tools.ant.filters.ReplaceTokens,0.9628696905277647,0.9569332942435137,1
209,org.apache.tools.ant.util.regexp.JakartaRegexpMatcher,1.0,0.8595187764501696,0
210,org.apache.tools.ant.types.DirSet,1.0,0.6780719051126372,0
211,org.apache.tools.ant.types.optional.ScriptFilter,0.9775608811025427,1.1649108261778394,1
212,org.apache.tools.ant.taskdefs.optional.ejb.BorlandGenerateClient,0.9284022495299169,1.2854372602422994,0
213,org.apache.tools.ant.types.Assertions,0.9084857094746619,1.4017228521618206,0
214,org.apache.tools.ant.taskdefs.optional.jsp.compilers.DefaultJspCompilerAdapter,1.0,1.4210980768374333,0
215,org.apache.tools.ant.ComponentHelper,0.8674343963780458,1.5653859606046638,0
216,org.apache.tools.ant.BuildListener,1.0,0.6780719051126372,1
217,org.apache.tools.ant.util.ScriptRunnerHelper,0.9127484510840106,1.2320922312003293,0
218,org.apache.tools.ant.ProjectHelper,0.8745792584581706,1.4979280201275194,1
219,org.apache.tools.ant.taskdefs.Jar,0.8846108011414547,1.570191492561421,6
220,org.apache.tools.ant.taskdefs.optional.ejb.IPlanetDeploymentTool,0.6588698032372843,0.7263839427995709,1
221,org.apache.tools.ant.taskdefs.cvslib.ChangeLogWriter,1.0,0.7712437491614219,0
222,org.apache.tools.ant.taskdefs.Property,0.9192605687804636,1.3197903800454378,1
223,org.apache.tools.ant.taskdefs.compilers.DefaultCompilerAdapter,0.9524742632412974,1.2908757805334776,2
224,org.apache.tools.ant.taskdefs.Patch,0.8390206910827037,0.852607566263558,0
225,org.apache.tools.ant.types.selectors.MappingSelector,0.8890893202928003,1.140260029370649,0
226,org.apache.tools.ant.taskdefs.Copydir,0.8890829311693133,0.7519216097538871,0
227,org.apache.tools.ant.util.ConcatFileInputStream,0.9321781649763178,1.1207631565340888,0
228,org.apache.tools.ant.taskdefs.optional.ssh.SSHExec,0.9284779030672862,1.0511828298519255,4
229,org.apache.tools.ant.taskdefs.optional.perforce.P4Fstat,0.9075710492575688,1.1681337798283187,0
230,org.apache.tools.ant.taskdefs.CallTarget,0.9915995589640181,1.198441680449478,0
231,org.apache.tools.ant.util.Watchdog,1.0,1.5485403533485944,1
232,org.apache.tools.ant.taskdefs.optional.depend.constantpool.LongCPInfo,1.0,0.41503749927884365,0
233,org.apache.tools.ant.taskdefs.XSLTLiaison,1.0,0.514573172829758,0
234,org.apache.tools.ant.types.ResourceCollection,1.0,0.41503749927884365,0
235,org.apache.tools.ant.taskdefs.optional.Cab,0.9020924992720537,1.246250326128507,0
236,org.apache.tools.ant.Main,0.9652477936492219,1.074867659034049,4
237,org.apache.tools.ant.taskdefs.optional.junit.Enumerations,1.0,0.41503749927884365,0
238,org.apache.tools.ant.taskdefs.Chmod,0.7545644382668659,1.217131440818562,1
239,org.apache.tools.ant.taskdefs.optional.extension.resolvers.AntResolver,0.9188688220404639,1.3133913382078914,0
240,org.apache.tools.ant.taskdefs.ExecuteOn,0.8869836627278382,1.5765898678388568,2
241,org.apache.tools.ant.DemuxOutputStream,0.810661436531228,1.3674991361003324,0
242,org.apache.tools.ant.taskdefs.optional.junit.FormatterElement,0.7910255502883085,0.9650346234869797,0
243,org.apache.tools.ant.TypeAdapter,1.0,0.5849625007211565,0
244,org.apache.tools.ant.types.Resource,0.859694128002271,1.755163643589356,0
245,org.apache.tools.ant.taskdefs.optional.junit.Xalan2Executor,0.9209915930247938,0.5057756166204741,0
246,org.apache.tools.ant.taskdefs.optional.clearcase.CCMkbl,0.9473311722124084,2.421848384560662,0
247,org.apache.tools.ant.taskdefs.optional.depend.constantpool.ClassCPInfo,1.0,0.5785362315617232,0
248,org.apache.tools.ant.taskdefs.AbstractJarSignerTask,0.7868577065219332,1.3600710356718693,0
249,org.apache.tools.ant.taskdefs.optional.Native2Ascii,0.8722141627022862,1.0068282584640593,0
250,org.apache.tools.ant.taskdefs.Tar,0.9041691353177724,1.1214570058325886,4
251,org.apache.tools.ant.taskdefs.optional.extension.JarLibResolveTask,0.958773212597975,1.6129780252800796,0
252,org.apache.tools.ant.taskdefs.MacroDef,0.9156224249551939,1.3576455393246798,1
253,org.apache.tools.ant.taskdefs.ImportTask,1.0,0.9036774610288021,0
254,org.apache.tools.ant.taskdefs.optional.dotnet.VisualBasicCompile,0.713540434298496,1.7931857660418429,0
255,org.apache.tools.zip.ZipFile,0.8658454696069229,0.8799686778643757,7
256,org.apache.tools.ant.taskdefs.condition.HasMethod,0.676347607310863,0.7263737707630664,0
257,org.apache.tools.ant.taskdefs.optional.ccm.CCMCreateTask,0.9410876842732525,1.9669176975739129,0
258,org.apache.tools.ant.taskdefs.FixCRLF,0.8945814192303708,1.2369720386750411,2
259,org.apache.tools.ant.taskdefs.ExecuteWatchdog,0.8249435344646632,1.2155957071039756,0
260,org.apache.tools.ant.taskdefs.optional.junit.AggregateTransformer,0.8598423093720524,0.9641032052998125,0
261,org.apache.tools.ant.util.depend.AbstractAnalyzer,0.8955270409424793,2.0127067260066385,0
262,org.apache.tools.ant.taskdefs.optional.dotnet.NetCommand,0.9402137473886312,1.3580965748601408,0
263,org.apache.tools.ant.taskdefs.optional.perforce.P4Labelsync,1.0,1.2334181999295244,0
264,org.apache.tools.ant.taskdefs.optional.clearcase.CCUpdate,0.9723587263449675,1.3055868228339,0
265,org.apache.tools.ant.taskdefs.cvslib.RCSFile,1.0,0.822001698022006,0
266,org.apache.tools.ant.taskdefs.optional.jlink.ConstantPool,0.7806380742186078,0.7106585579207277,0
267,org.apache.tools.ant.taskdefs.optional.extension.LibFileSet,1.0,0.8624964762500653,0
268,org.apache.tools.ant.types.FilterChain,1.0,2.063474019664585,0
269,org.apache.tools.ant.types.resources.comparators.Reverse,0.9258061368745207,0.9999999999999999,0
270,org.apache.tools.tar.TarOutputStream,0.8753266449724302,2.2253076928808095,1
271,org.apache.tools.ant.taskdefs.optional.sos.SOSCheckout,1.0,0.41503749927884365,0
272,org.apache.tools.ant.util.OutputStreamFunneler,0.9519056116660759,1.5871854532367518,0
273,org.apache.tools.ant.filters.TabsToSpaces,1.0,1.1974298086706068,0
274,org.apache.tools.ant.taskdefs.optional.dotnet.DotnetDefine,0.9296200175058742,1.2253171723083875,0
275,org.apache.tools.ant.Location,0.8971815736031342,1.556563653173218,0
276,org.apache.tools.ant.taskdefs.MatchingTask,0.8444858138501871,1.810732314360598,0
277,org.apache.tools.ant.util.RetryHandler,1.0,0.7712437491614219,0
278,org.apache.tools.ant.ProjectComponent,0.9578542278727311,1.679023760347007,0
279,org.apache.tools.ant.taskdefs.ConditionTask,0.9695363451090223,0.7612196284546818,0
280,org.apache.tools.ant.taskdefs.optional.extension.JarLibManifestTask,0.907294263060062,1.3023095262354967,0
281,org.apache.tools.ant.types.resources.CompressedResource,0.9027814782989254,2.0625113358866964,0
282,org.apache.tools.ant.types.Description,1.0,0.3833286395515058,0
283,org.apache.tools.ant.taskdefs.compilers.Gcj,0.997754509521884,0.5653452767075607,1
284,org.apache.tools.ant.taskdefs.condition.Contains,0.8953749446188719,0.7096481867313337,0
285,org.apache.tools.ant.types.Commandline,0.9466539964804107,2.064213117014677,2
286,org.apache.tools.ant.taskdefs.optional.extension.Compatibility,1.0,0.2995602818589077,0
287,org.apache.tools.ant.taskdefs.RecorderEntry,0.8812263171603025,1.3890790534365578,1
288,org.apache.tools.ant.taskdefs.condition.AntVersion,0.9839992232792352,0.9772454869916652,0
289,org.apache.tools.ant.taskdefs.War,0.9188613276671567,1.2924676648071545,2
290,org.apache.tools.ant.util.IdentityStack,1.0,0.6605135337283327,0
291,org.apache.tools.ant.taskdefs.optional.sos.SOS,0.821578105714002,1.0880873602738772,0
292,org.apache.tools.ant.launch.Launcher,0.929867389080168,1.3355962816419347,1
293,org.apache.tools.ant.taskdefs.optional.extension.Extension,0.9627569144037743,1.0243282156959412,0
294,org.apache.tools.zip.ZipEntry,0.855275088927867,1.2091435633130532,1
295,org.apache.tools.ant.taskdefs.optional.junit.JUnitTaskMirrorImpl,1.0,0.5849625007211565,0
296,org.apache.tools.ant.taskdefs.condition.ParserSupports,0.9215205277113533,1.3583947306807465,0
297,org.apache.tools.ant.taskdefs.compilers.AptExternalCompilerAdapter,nan,0.0,0
298,org.apache.tools.ant.taskdefs.CVSPass,0.8956206752676625,0.6936904079850885,0
299,org.apache.tools.zip.ZipOutputStream,0.9740787543406072,1.0440769511005887,1
300,org.apache.tools.ant.taskdefs.optional.dotnet.JSharp,1.0,0.8784380201190862,0
301,org.apache.tools.ant.taskdefs.optional.clearcase.CCRmtype,0.974552430642464,1.2499650123974508,0
302,org.apache.tools.ant.taskdefs.optional.clearcase.ClearCase,1.0,1.217391740278081,0
303,org.apache.tools.ant.dispatch.DispatchTask,1.0,0.4739311883324126,0
304,org.apache.tools.ant.BuildEvent,1.0,1.1343010917115903,0
305,org.apache.tools.ant.taskdefs.optional.dotnet.CSharp,0.8799353256416687,2.217849074389835,0
306,org.apache.tools.ant.taskdefs.optional.Rpm,0.872570244356492,1.4982395498683794,1
307,org.apache.tools.ant.taskdefs.condition.Matches,0.8205937996148993,1.1570332371187704,0
308,org.apache.tools.ant.taskdefs.optional.sos.SOSCheckin,1.0,0.514573172829758,0
309,org.apache.tools.ant.taskdefs.optional.extension.ExtensionAdapter,0.8945098985045771,0.8323026462698981,0
310,org.apache.tools.ant.taskdefs.optional.script.ScriptDef,0.9047570577936936,0.7570450589079809,0
311,org.apache.tools.ant.types.RedirectorElement,0.938874686901413,1.402740007502625,0
312,org.apache.tools.ant.taskdefs.optional.ccm.CCMReconfigure,1.0,1.781191817870392,0
313,org.apache.tools.ant.taskdefs.optional.clearcase.CCUnCheckout,0.9760548233860031,0.5483341236826224,0
314,org.apache.tools.ant.taskdefs.optional.ssh.SSHUserInfo,1.0,1.1038892431447247,0
315,org.apache.tools.ant.types.ZipFileSet,1.0,1.4649735207179266,0
316,org.apache.tools.ant.taskdefs.optional.javah.Kaffeh,1.0,0.2995602818589077,0
317,org.apache.tools.ant.filters.ExpandProperties,1.0,0.2509894402293099,0
318,org.apache.tools.ant.types.Mapper,0.9600070852155206,1.423729762439038,0
319,org.apache.tools.ant.types.RegularExpression,0.9228981341524343,1.6299706921683714,0
320,org.apache.tools.ant.taskdefs.Sleep,1.0,0.9925054634530762,0
321,org.apache.tools.ant.ExitStatusException,1.0,0.5849625007211565,0
322,org.apache.tools.ant.types.selectors.SignedSelector,1.0,0.3390359525563187,0
323,org.apache.tools.ant.taskdefs.Classloader,0.8703408517464996,0.8038727721883695,3
324,org.apache.tools.ant.taskdefs.optional.depend.ClassFile,0.9812441439884857,0.5630510239024404,0
325,org.apache.tools.ant.util.depend.DependencyAnalyzer,1.0,0.7589919004962047,0
326,org.apache.tools.ant.taskdefs.condition.Equals,0.9717630379302354,0.571300287740449,0
327,org.apache.tools.ant.types.optional.AbstractScriptComponent,0.9407271580331988,1.1002911439206184,1
328,org.apache.tools.tar.TarConstants,1.0,0.8930847960834877,0
329,org.apache.tools.ant.taskdefs.optional.perforce.P4Resolve,1.0,2.021934536712924,0
330,org.apache.tools.ant.util.LeadPipeInputStream,1.0,1.421962091355679,0
331,org.apache.tools.bzip2.CBZip2InputStream,0.7070924594990582,1.2722763124842726,1
332,org.apache.tools.ant.types.resources.ZipResource,1.0,1.0271361299375144,0
333,org.apache.tools.ant.types.selectors.ExtendSelector,0.8727899921492108,0.8460511479613888,0
334,org.apache.tools.ant.taskdefs.Unpack,0.9118099267244938,1.1246755553730814,1
335,org.apache.tools.ant.util.DateUtils,1.0,1.1192989283723447,1
336,org.apache.tools.ant.taskdefs.optional.jsp.compilers.JspCompilerAdapterFactory,1.0,0.3833286395515058,0
337,org.apache.tools.ant.types.mappers.FilterMapper,1.0,0.41503749927884365,0
338,org.apache.tools.ant.util.XmlConstants,1.0,0.7776075786635526,0
339,org.apache.tools.ant.taskdefs.Exit,0.9764467964704292,1.1521149290176296,0
340,org.apache.tools.ant.util.UUEncoder,1.0,1.185055814198664,0
341,org.apache.tools.ant.taskdefs.optional.extension.JarLibDisplayTask,0.7345394039875569,0.488745798627058,0
342,org.apache.tools.ant.taskdefs.optional.vss.MSVSSADD,1.0,1.277419530943508,0
343,org.apache.tools.ant.util.FileNameMapper,1.0,0.41503749927884365,0
344,org.apache.tools.ant.types.selectors.PresentSelector,0.9559282072218326,1.229498682430308,0
345,org.apache.tools.ant.taskdefs.Deltree,1.0,0.3899358368639998,0
346,org.apache.tools.ant.util.ResourceUtils,1.0,1.0995356735509147,1
347,org.apache.tools.ant.taskdefs.SignJar,0.8597015563727289,1.7333103122783349,2
348,org.apache.tools.ant.taskdefs.optional.Script,1.0,0.7589919004962047,0
349,org.apache.tools.ant.taskdefs.optional.junit.XMLResultAggregator,0.9792461017807754,1.0470478122314888,0
350,org.apache.tools.ant.taskdefs.TaskOutputStream,0.9933994073732221,0.7180495574033368,0
351,org.apache.tools.ant.taskdefs.rmic.WLRmic,1.0,1.374377778822761,2
352,org.apache.tools.ant.types.FileSet,1.0,0.6374299206152919,0
353,org.apache.tools.ant.util.FlatFileNameMapper,1.0,0.41503749927884365,0
354,org.apache.tools.ant.input.PropertyFileInputHandler,0.9459467403168654,0.7086093481612741,0
355,org.apache.tools.ant.taskdefs.optional.junit.JUnitResultFormatter,1.0,0.5849625007211565,0
356,org.apache.tools.ant.taskdefs.optional.depend.constantpool.StringCPInfo,1.0,0.45567948377618955,0
357,org.apache.tools.ant.taskdefs.StreamPumper,0.7526203460395977,1.1390858979299356,1
358,org.apache.tools.ant.BuildLogger,1.0,0.514573172829758,0
359,org.apache.tools.ant.taskdefs.ResourceCount,0.9665110144218393,0.9462187836505707,0
360,org.apache.tools.ant.taskdefs.LogOutputStream,1.0,0.7776075786635526,0
361,org.apache.tools.ant.taskdefs.TempFile,0.8552554791558685,1.0470981787864535,1
362,org.apache.tools.ant.types.resources.Sort,1.0,0.2995602818589077,2
363,org.apache.tools.ant.taskdefs.AntStructure,0.9875875659465376,0.67834076289014,0
364,org.apache.tools.ant.taskdefs.Parallel,0.9550579713856742,1.1135272659102595,1
365,org.apache.tools.ant.util.ScriptRunnerBase,0.8170591145390734,1.0140536269875389,0
366,org.apache.tools.ant.taskdefs.email.EmailAddress,0.7697200495292092,1.0004692478649413,0
367,org.apache.tools.ant.taskdefs.BUnzip2,1.0,0.4739311883324126,0
368,org.apache.tools.mail.MailPrintStream,0.9530248755124258,0.608939021368113,0
369,org.apache.tools.ant.taskdefs.optional.extension.ExtensionUtil,1.0,0.6780719051126378,0
370,org.apache.tools.ant.taskdefs.Copyfile,0.967345216054493,0.5855800401440651,0
371,org.apache.tools.ant.types.Path,0.8163903527133312,1.0227090343555951,1
372,org.apache.tools.ant.types.Comparison,1.0,0.9682911402726616,0
373,org.apache.tools.zip.UnrecognizedExtraField,0.9579350546117024,1.5989696888059548,1
374,org.apache.tools.ant.util.GlobPatternMapper,0.8785490382289735,1.128525412275248,3
375,org.apache.tools.ant.taskdefs.optional.dotnet.DotnetResource,0.757466370917923,1.1519420145556958,0
376,org.apache.tools.ant.types.resources.ArchiveResource,0.9569711035368526,1.8634405741846063,0
377,org.apache.tools.ant.taskdefs.rmic.KaffeRmic,0.941634071178012,0.6252401298861957,0
378,org.apache.tools.ant.taskdefs.optional.extension.LibraryDisplayer,1.0,0.8656159226244869,0
379,org.apache.tools.ant.taskdefs.optional.jlink.JlinkTask,0.969234865075372,1.2773177469853996,0
380,org.apache.tools.ant.helper.ProjectHelperImpl,1.0,0.7063136909078358,0
381,org.apache.tools.ant.taskdefs.optional.perforce.P4Edit,1.0,0.6309297535714571,0
382,org.apache.tools.ant.taskdefs.Jikes,0.912047129529638,0.8294815410824664,0
383,org.apache.tools.ant.types.selectors.DifferentSelector,1.0,0.5849625007211557,0
384,org.apache.tools.ant.util.java15.ProxyDiagnostics,1.0,0.6780719051126372,0
385,org.apache.tools.ant.taskdefs.Untar,1.0,0.5746941652673286,2
386,org.apache.tools.ant.taskdefs.Manifest,0.9363744926827335,1.4668869819498362,1
387,org.apache.tools.ant.taskdefs.optional.depend.AntAnalyzer,1.0,0.41503749927884365,1
388,org.apache.tools.ant.taskdefs.compilers.CompilerAdapterFactory,1.0,0.8596860044100347,0
389,org.apache.tools.ant.types.selectors.modifiedselector.Algorithm,1.0,0.26303440583379356,0
390,org.apache.tools.ant.DefaultLogger,0.9035180705819151,2.0357056458196667,3
391,org.apache.tools.ant.filters.util.ChainReaderHelper,0.9186731634487844,1.1783344635326156,1
392,org.apache.tools.zip.UnixStat,1.0,0.6780719051126372,0
393,org.apache.tools.ant.types.AntFilterReader,1.0,1.6778596943673634,0
394,org.apache.tools.ant.taskdefs.optional.jsp.JspNameMangler,0.9166199024891464,0.9664429020707316,0
395,org.apache.tools.ant.taskdefs.optional.ccm.Continuus,1.0,1.01526675665331,0
396,org.apache.tools.ant.taskdefs.condition.IsTrue,1.0,0.6309297535714571,0
397,org.apache.tools.ant.types.optional.ScriptMapper,1.0,1.2867991282182722,0
398,org.apache.tools.bzip2.CRC,1.0,1.181285039692354,0
399,org.apache.tools.ant.taskdefs.email.Message,0.9577511910018037,1.823445124932179,0
400,org.apache.tools.ant.taskdefs.compilers.Javac12,nan,0.0,0
401,org.apache.tools.tar.TarUtils,1.0,0.7104933828050145,0
402,org.apache.tools.ant.DemuxInputStream,1.0,0.3833286395515058,0
403,org.apache.tools.ant.taskdefs.optional.j2ee.GenericHotDeploymentTool,1.0,0.9597064826811864,0
404,org.apache.tools.ant.taskdefs.cvslib.CVSEntry,1.0,1.0362961292229902,0
405,org.apache.tools.ant.taskdefs.optional.jsp.compilers.JspCompilerAdapter,1.0,0.514573172829758,0
406,org.apache.tools.ant.util.depend.bcel.DependencyVisitor,0.7501419348198407,1.1502268120198387,0
407,org.apache.tools.ant.taskdefs.cvslib.RedirectingStreamHandler,1.0,0.41503749927884365,0
408,org.apache.tools.ant.taskdefs.Pack,0.7880122831011973,1.1648157378495294,2
409,org.apache.tools.ant.types.resources.Difference,nan,0.0,0
410,org.apache.tools.ant.listener.AnsiColorLogger,0.6809347618014505,0.8991681485117639,0
411,org.apache.tools.ant.taskdefs.optional.ssh.ScpFromMessageBySftp,0.9765986619722252,0.7660222689718604,1
412,org.apache.tools.ant.taskdefs.optional.perforce.P4Revert,1.0,1.0130971932505355,0
413,org.apache.tools.ant.types.resources.BaseResourceCollectionWrapper,0.9727809842322442,0.9573237076553391,1
414,org.apache.tools.zip.ExtraFieldUtils,1.0,0.6197279188818323,2
415,org.apache.tools.ant.taskdefs.optional.depend.constantpool.MethodRefCPInfo,1.0,0.9161684091965293,0
416,org.apache.tools.ant.helper.SingleCheckExecutor,1.0,0.26303440583379356,0
417,org.apache.tools.ant.types.Permissions,1.0,0.45901602534746816,0
418,org.apache.tools.ant.util.ConcatResourceInputStream,0.9320031929135608,1.3806421254737742,0
419,org.apache.tools.ant.filters.FixCrLfFilter,0.9111144645064645,2.138192808908368,0
420,org.apache.tools.ant.types.ArchiveScanner,0.9709243429746703,1.4189995633534185,2
421,org.apache.tools.ant.taskdefs.optional.dotnet.DotnetBaseMatchingTask,0.7915915283850409,0.8293366157597187,0
422,org.apache.tools.ant.taskdefs.optional.depend.constantpool.DoubleCPInfo,1.0,0.41503749927884365,0
423,org.apache.tools.ant.taskdefs.Mkdir,1.0,0.44055219308741744,0
424,org.apache.tools.ant.taskdefs.optional.depend.Depend,0.9473043768177208,1.3452869370547247,2
425,org.apache.tools.ant.types.FilterSetCollection,1.0,0.5746941652673286,0
426,org.apache.tools.ant.util.ProxySetup,0.8520132259227216,1.2335557140658528,0
427,org.apache.tools.ant.taskdefs.cvslib.CvsUser,1.0,1.2689431166403922,0
428,org.apache.tools.ant.taskdefs.optional.EchoProperties,0.8611852952660888,0.8229145635444537,0
429,org.apache.tools.ant.ExitException,1.0,0.4739311883324126,0
430,org.apache.tools.ant.taskdefs.optional.depend.constantpool.NameAndTypeCPInfo,1.0,0.8103387804964253,0
431,org.apache.tools.ant.taskdefs.optional.junit.ArrayEnumeration,1.0,1.1692129061902365,0
432,org.apache.tools.ant.taskdefs.GenerateKey,0.9851988953289844,1.4207263144425895,0
433,org.apache.tools.ant.taskdefs.optional.sound.SoundTask,0.9530566198755921,0.7394068640678767,0
434,org.apache.tools.ant.taskdefs.optional.ssh.Scp,0.9066780892181631,1.3845810812122585,4
435,org.apache.tools.ant.types.LogLevel,1.0,0.8103387804964259,0
436,org.apache.tools.ant.taskdefs.JikesOutputParser,0.8390114491844409,1.3669175568026126,0
437,org.apache.tools.ant.taskdefs.DependSet,0.9554695764259579,1.024469453658415,3
438,org.apache.tools.ant.taskdefs.email.Header,1.0,0.6780719051126372,0
439,org.apache.tools.ant.types.selectors.BaseSelectorContainer,1.0,2.338726129025662,1
440,org.apache.tools.ant.filters.BaseFilterReader,1.0,1.6089952168585322,0
441,org.apache.tools.ant.taskdefs.optional.j2ee.AbstractHotDeploymentTool,0.7594378091980848,1.179210102293495,0
442,org.apache.tools.ant.taskdefs.condition.IsReference,0.9574517614244713,0.7282207835722386,1
443,org.apache.tools.ant.util.SourceFileScanner,1.0,0.7946810920224934,0
444,org.apache.tools.ant.types.resources.comparators.ResourceComparator,1.0,0.4739311883324126,0
445,org.apache.tools.ant.taskdefs.optional.perforce.P4Handler,1.0,0.26303440583379356,0
446,org.apache.tools.ant.taskdefs.cvslib.CvsTagEntry,0.9342524544800725,0.7421052217104038,0
447,org.apache.tools.ant.types.FilterSet,0.8302359842529754,0.9985401665806363,2
448,org.apache.tools.ant.util.LineTokenizer,0.9816349407308141,0.6407351942612888,0
449,org.apache.tools.ant.taskdefs.rmic.SunRmic,1.0,0.5849625007211557,2
450,org.apache.tools.ant.taskdefs.optional.sos.SOSCmd,1.0,0.8969065070358964,0
451,org.apache.tools.ant.taskdefs.optional.dotnet.ImportTypelib,0.9520026788209133,1.3356523300491911,0
452,org.apache.tools.ant.taskdefs.optional.depend.JarFileIterator,1.0,0.3390359525563187,0
453,org.apache.tools.ant.types.optional.depend.ClassfileSet,0.9399837888723754,1.3559373066016875,0
454,org.apache.tools.ant.types.Reference,0.7938682827377826,0.9326392370214671,0
455,org.apache.tools.ant.util.XMLFragment,0.9499358658296566,0.7755347586733827,0
456,org.apache.tools.ant.util.StringUtils,1.0,0.7858751946471523,0
457,org.apache.tools.ant.filters.BaseParamFilterReader,1.0,0.5849625007211565,0
458,org.apache.tools.ant.taskdefs.WaitFor,0.933757787523674,1.1668703399674165,1
459,org.apache.tools.ant.taskdefs.optional.ssh.ScpToMessageBySftp,1.0,1.782321848092037,0
460,org.apache.tools.ant.filters.StripLineComments,0.7740500606212386,0.47519097106870267,0
461,org.apache.tools.ant.taskdefs.ManifestTask,0.8987064265631474,0.7234603330374376,1
462,org.apache.tools.ant.types.selectors.DepthSelector,0.9305861003208908,1.0687397425164784,0
463,org.apache.tools.ant.types.selectors.modifiedselector.PropertiesfileCache,0.8398436832430711,1.2029334592199488,0
464,org.apache.tools.ant.taskdefs.optional.vss.MSVSSLABEL,1.0,0.5849625007211565,0
465,org.apache.tools.ant.util.regexp.RegexpMatcherFactory,0.9593636914138034,0.6027463105328419,0
466,org.apache.tools.ant.types.resources.StringResource,1.0,1.1880723481525712,0
467,org.apache.tools.ant.util.LineOrientedOutputStream,0.9494602317828119,1.263114785285808,0
468,org.apache.tools.ant.taskdefs.optional.RenameExtensions,0.9551417872465832,0.8866094171488543,0
469,org.apache.tools.ant.types.FileList,0.815228203721771,1.2906193019453234,0
470,org.apache.tools.ant.types.PatternSet,0.9791324022162573,1.3477991653066623,0
471,org.apache.tools.ant.types.resources.selectors.ResourceSelectorContainer,1.0,0.6734991753228134,0
472,org.apache.tools.ant.types.ResourceLocation,1.0,0.8624964762500653,0
473,org.apache.tools.ant.filters.ClassConstants,1.0,0.4054883356974596,0
474,org.apache.tools.ant.taskdefs.optional.depend.constantpool.FloatCPInfo,1.0,0.41503749927884365,0
475,org.apache.tools.ant.types.selectors.modifiedselector.DigestAlgorithm,0.9688602417427836,1.0065478900678946,0
476,org.apache.tools.ant.filters.EscapeUnicode,0.9840894741710509,0.43775758608948273,0
477,org.apache.tools.ant.types.selectors.TypeSelector,1.0,1.3229723342341027,0
478,org.apache.tools.ant.taskdefs.optional.PropertyFile,0.9475206174128242,0.7607509186729532,0
479,org.apache.tools.ant.taskdefs.optional.junit.PlainJUnitResultFormatter,0.7872159735433875,0.8886021353608243,0
480,org.apache.tools.ant.taskdefs.optional.perforce.P4Reopen,1.0,0.2995602818589077,0
481,org.apache.tools.ant.taskdefs.EchoXML,0.9721975502971932,0.5937141386360177,1
482,org.apache.tools.ant.taskdefs.optional.native2ascii.KaffeNative2Ascii,1.0,1.0130971932505355,0
483,org.apache.tools.ant.taskdefs.optional.dotnet.WsdlToDotnet,0.8765165580633015,1.3191132815168671,0
484,org.apache.tools.ant.filters.ConcatFilter,0.7390663332955063,0.7113527371688471,0
485,org.apache.tools.ant.taskdefs.condition.FilesMatch,0.9440693032802767,1.19615871138938,0
486,org.apache.tools.ant.util.PropertyOutputStream,0.9003510748692619,1.0167881982995925,0
487,org.apache.tools.ant.util.JavaEnvUtils,0.8010933379134618,0.5947222951250251,0
488,org.apache.tools.ant.taskdefs.VerifyJar,0.9258495811702855,1.1752486235420665,1
489,org.apache.tools.ant.util.TaskLogger,1.0,0.5625946876927019,0
490,org.apache.tools.ant.util.regexp.JakartaOroRegexp,1.0,0.2995602818589077,0
491,org.apache.tools.ant.taskdefs.optional.native2ascii.DefaultNative2Ascii,1.0,0.45567948377618955,0
492,org.apache.tools.ant.taskdefs.Tstamp,1.0,0.9275258320444502,0
493,org.apache.tools.ant.taskdefs.condition.HasFreeSpace,1.0,0.6844981742720705,0
494,org.apache.tools.ant.taskdefs.optional.unix.Chgrp,1.0,0.5405683813627024,0
495,org.apache.tools.ant.taskdefs.rmic.XNewRmic,1.0,0.41503749927884365,0
496,org.apache.tools.ant.util.LazyHashtable,1.0,1.5713747986548536,0
497,org.apache.tools.ant.types.selectors.modifiedselector.HashvalueAlgorithm,1.0,0.2995602818589077,0
498,org.apache.tools.ant.types.resolver.ApacheCatalogResolver,1.0,0.5343364276511882,0
499,org.apache.tools.ant.util.CollectionUtils,1.0,0.6374299206152919,4
500,org.apache.tools.ant.taskdefs.Basename,0.9555983325299974,0.7746435208103976,0
501,org.apache.tools.ant.util.regexp.RegexpFactory,1.0,0.5820474688588227,0
502,org.apache.tools.ant.taskdefs.PumpStreamHandler,0.9425886438831469,1.8970858780026436,1
503,org.apache.tools.ant.util.ReflectWrapper,1.0,0.5625946876927019,0
504,org.apache.tools.ant.taskdefs.AntlibDefinition,1.0,0.6780719051126372,0
505,org.apache.tools.ant.types.resolver.ApacheCatalog,0.9973344982905713,0.3710875634682069,0
506,org.apache.tools.ant.taskdefs.optional.jsp.compilers.JasperC,1.0,0.702319451359315,0
507,org.apache.tools.ant.taskdefs.optional.extension.resolvers.URLResolver,0.9095724430495766,1.3941467147002566,0
508,org.apache.tools.ant.taskdefs.DiagnosticsTask,nan,0.0,0
509,org.apache.tools.ant.UnsupportedAttributeException,1.0,0.2995602818589077,0
510,org.apache.tools.ant.types.selectors.NoneSelector,1.0,0.41503749927884365,0
511,org.apache.tools.ant.taskdefs.optional.j2ee.HotDeploymentTool,1.0,0.7104933828050145,0
512,org.apache.tools.ant.util.MergingMapper,1.0,0.3833286395515058,0
513,org.apache.tools.ant.taskdefs.optional.extension.resolvers.LocationResolver,1.0,0.9247307565206975,0
514,org.apache.tools.ant.filters.LineContains,0.7300633373327055,0.5625781459393081,0
515,org.apache.tools.ant.helper.DefaultExecutor,1.0,0.2995602818589077,0
516,org.apache.tools.ant.taskdefs.condition.IsReachable,0.8879056340721321,1.113018953638385,0
517,org.apache.tools.ant.types.selectors.modifiedselector.ChecksumAlgorithm,0.973170971033402,1.0221086992701665,0
518,org.apache.tools.ant.types.spi.Service,1.0,1.43334912619564,0
519,org.apache.tools.ant.types.Quantifier,1.0,0.9761532580456325,0
520,org.apache.tools.ant.util.facade.FacadeTaskHelper,0.9263763084416152,1.5418576268998077,0
521,org.apache.tools.ant.taskdefs.optional.perforce.SimpleP4OutputHandler,1.0,0.17928316675373784,0
522,org.apache.tools.ant.taskdefs.optional.depend.constantpool.ConstantPoolEntry,0.9823586145253476,0.8699040002495212,0
523,org.apache.tools.ant.input.DefaultInputHandler,1.0,0.3833286395515058,0
524,org.apache.tools.ant.taskdefs.cvslib.RedirectingOutputStream,1.0,0.2995602818589077,0
525,org.apache.tools.ant.taskdefs.compilers.AptCompilerAdapter,0.9745683852694721,0.646724320422184,0
526,org.apache.tools.ant.types.selectors.MajoritySelector,1.0,0.5343364276511882,0
527,org.apache.tools.ant.listener.CommonsLoggingListener,0.947728330844245,1.5463441486253886,0
528,org.apache.tools.ant.util.RegexpPatternMapper,0.649458268099751,0.6096738684071147,1
529,org.apache.tools.ant.util.depend.bcel.FullAnalyzer,1.0,0.41503749927884365,0
530,org.apache.tools.ant.types.resources.selectors.InstanceOf,0.978107701228117,0.9289066736908411,0
531,org.apache.tools.zip.ZipShort,0.8454515282717288,1.03830319404163,1
532,org.apache.tools.ant.taskdefs.optional.extension.ExtensionSet,0.9612014372528651,0.7163440736448806,0
533,org.apache.tools.ant.types.selectors.modifiedselector.EqualComparator,1.0,0.26303440583379356,0
534,org.apache.tools.ant.taskdefs.optional.junit.Constants,1.0,0.7935491225325737,1
535,org.apache.tools.ant.types.resources.Union,1.0,0.7829018783330648,0
536,org.apache.tools.ant.taskdefs.optional.ssh.ScpFromMessage,1.0,1.302598492230605,1
537,org.apache.tools.ant.util.ReflectUtil,1.0,0.5145731728297583,1
538,org.apache.tools.ant.taskdefs.optional.splash.SplashScreen,0.8712840925340929,1.0168487070084158,1
539,org.apache.tools.ant.util.TeeOutputStream,1.0,0.5716656781076981,0
540,org.apache.tools.ant.util.DOMUtils,1.0,0.6057210608879532,0
541,org.apache.tools.ant.util.optional.JavaxScriptRunner,0.8885797322373713,0.7221913825630808,1
542,org.apache.tools.bzip2.BZip2Constants,1.0,0.7776075786635526,0
543,org.apache.tools.ant.types.resources.JavaResource,0.8410755273059999,0.7309835509893421,1
544,org.apache.tools.ant.filters.PrefixLines,0.7902692173272048,0.43888786298810306,0
545,org.apache.tools.ant.types.Substitution,1.0,0.6197279188818323,1
546,org.apache.tools.ant.util.regexp.RegexpUtil,1.0,0.26303440583379356,0
547,org.apache.tools.ant.taskdefs.WhichResource,0.9533957094424965,0.6554817492503109,0
548,org.apache.tools.ant.util.regexp.JakartaOroMatcher,1.0,0.9430100214151702,0
549,org.apache.tools.ant.taskdefs.optional.pvcs.PvcsProject,1.0,0.447458976971221,0
550,org.apache.tools.ant.PathTokenizer,0.9875639199601552,0.5951170808823044,0
551,org.apache.tools.ant.taskdefs.optional.vss.MSVSSCREATE,1.0,0.514573172829758,0
552,org.apache.tools.ant.types.resources.TarResource,1.0,1.7944244533095017,0
553,org.apache.tools.ant.taskdefs.optional.junit.CompoundEnumeration,0.9880267045009147,0.6628951798962586,0
554,org.apache.tools.ant.types.selectors.SelectorContainer,1.0,0.8889686876112565,0
555,org.apache.tools.ant.taskdefs.optional.depend.constantpool.ConstantPool,0.9434219724028935,1.051586876581411,0
556,org.apache.tools.ant.taskdefs.optional.depend.DirectoryIterator,1.0,0.47263347569620545,0
557,org.apache.tools.ant.taskdefs.Rename,0.9433469299597262,0.7113446472455726,0
558,org.apache.tools.ant.types.selectors.AndSelector,1.0,0.41503749927884365,0
559,org.apache.tools.ant.taskdefs.optional.j2ee.ServerDeploy,1.0,0.9309583555703487,0
560,org.apache.tools.ant.types.selectors.BaseSelector,0.9415289584444984,1.1761508719654403,0
561,org.apache.tools.ant.taskdefs.GZip,1.0,0.26303440583379356,0
562,org.apache.tools.ant.util.KeepAliveOutputStream,1.0,0.26303440583379356,0
563,org.apache.tools.ant.taskdefs.KeySubst,0.9269252657703241,1.1121675209709108,0
564,org.apache.tools.ant.taskdefs.optional.ReplaceRegExp,0.9780911773215417,1.153704071385213,3
565,org.apache.tools.ant.taskdefs.optional.depend.constantpool.FieldRefCPInfo,1.0,0.9161684091965293,0
566,org.apache.tools.ant.taskdefs.Nice,0.9772134857303003,0.6137172194758103,0
567,org.apache.tools.ant.util.ClasspathUtils,1.0,0.9347085397482809,0
568,org.apache.tools.ant.taskdefs.rmic.RmicAdapterFactory,1.0,0.6197279188818323,0
569,org.apache.tools.ant.taskdefs.Sequential,1.0,0.26303440583379356,0
570,org.apache.tools.ant.taskdefs.email.MimeMailer,1.0,0.5840593484403583,4
571,org.apache.tools.ant.types.selectors.NotSelector,1.0,0.514573172829758,0
572,org.apache.tools.ant.taskdefs.optional.extension.ExtraAttribute,1.0,1.2689431166403922,0
573,org.apache.tools.ant.types.optional.ScriptCondition,1.0,0.3833286395515058,0
574,org.apache.tools.ant.taskdefs.Antlib,0.7701897393837512,0.8885622466917166,1
575,org.apache.tools.ant.types.TimeComparison,1.0,0.9677235969762443,0
576,org.apache.tools.ant.taskdefs.optional.ssh.ScpToMessage,1.0,1.8913293739112498,1
577,org.apache.tools.ant.util.LoaderUtils,1.0,0.8325432541484371,0
578,org.apache.tools.ant.taskdefs.condition.IsFailure,1.0,0.41503749927884365,0
579,org.apache.tools.ant.taskdefs.optional.ejb.InnerClassFilenameFilter,1.0,0.26303440583379356,0
580,org.apache.tools.ant.taskdefs.Move,1.0,1.4858994820073002,1
581,org.apache.tools.ant.types.selectors.BaseExtendSelector,1.0,0.5849625007211565,0
582,org.apache.tools.ant.types.resources.Tokens,0.9701781438792013,0.860785731702003,0
583,org.apache.tools.ant.types.resources.selectors.And,1.0,0.41503749927884365,0
584,org.apache.tools.ant.taskdefs.optional.perforce.FStatP4OutputHandler,0.8492946573726279,0.6616787895607255,0
585,org.apache.tools.ant.taskdefs.BuildNumber,0.9254492521038385,0.6320909591154702,0
586,org.apache.tools.ant.taskdefs.condition.Socket,0.9467939109488349,0.48078181624679145,0
587,org.apache.tools.ant.util.ContainerMapper,1.0,0.7410817026384384,0
588,org.apache.tools.ant.taskdefs.optional.perforce.P4Label,0.9816633129006349,0.46870758253546685,0
589,org.apache.tools.ant.types.selectors.DependSelector,1.0,0.41503749927884365,0
590,org.apache.tools.ant.filters.StripJavaComments,0.9852192525245845,0.5632970656683535,0
591,org.apache.tools.ant.taskdefs.optional.perforce.P4Submit,1.0,1.1403139955899644,0
592,org.apache.tools.ant.types.resources.comparators.DelegatedResourceComparator,0.9770759200977468,1.0054584809755018,0
593,org.apache.tools.ant.taskdefs.compilers.CompilerAdapter,1.0,0.26303440583379356,0
594,org.apache.tools.ant.taskdefs.optional.vss.MSVSSCHECKIN,1.0,0.6374299206152919,0
595,org.apache.tools.ant.types.selectors.OrSelector,1.0,0.41503749927884365,0
596,org.apache.tools.ant.types.resources.selectors.Type,1.0,1.3721298769618762,0
597,org.apache.tools.ant.util.depend.bcel.AncestorAnalyzer,1.0,0.41503749927884365,0
598,org.apache.tools.ant.types.resources.Intersect,nan,0.0,0
599,org.apache.tools.ant.taskdefs.PreSetDef,0.9993362967974682,0.594097262105405,0
600,org.apache.tools.ant.types.resources.GZipResource,1.0,0.5849625007211565,0
601,org.apache.tools.ant.taskdefs.optional.perforce.P4OutputStream,0.9231388589403337,1.163787329014252,0
602,org.apache.tools.ant.types.selectors.ContainsRegexpSelector,0.8237404371210487,0.8157997540524486,0
603,org.apache.tools.ant.types.resources.selectors.Size,0.9673103620499189,0.5351330051289473,0
604,org.apache.tools.ant.taskdefs.optional.sos.SOSLabel,1.0,0.514573172829758,0
605,org.apache.tools.ant.taskdefs.ExecuteStreamHandler,1.0,0.5849625007211565,0
606,org.apache.tools.ant.taskdefs.optional.ccm.CCMCheckinDefault,nan,0.0,0
607,org.apache.tools.ant.types.spi.Provider,1.0,0.9247307565206975,0
608,org.apache.tools.ant.TaskAdapter,1.0,0.4595874269298491,0
609,org.apache.tools.ant.types.resources.FailFast,0.8618789927156032,0.9091499848431175,0
610,org.apache.tools.ant.taskdefs.optional.junit.JUnitTaskMirror,1.0,0.41503749927884365,0
611,org.apache.tools.ant.taskdefs.optional.vss.MSVSSCP,1.0,0.26303440583379356,0
612,org.apache.tools.ant.taskdefs.optional.perforce.P4Change,1.0,0.8327904804647202,0
613,org.apache.tools.ant.taskdefs.compilers.Javac13,nan,0.0,0
614,org.apache.tools.ant.util.FileTokenizer,1.0,0.26303440583379356,0
615,org.apache.tools.ant.util.regexp.Jdk14RegexpRegexp,1.0,0.2995602818589077,0
616,org.apache.tools.ant.taskdefs.optional.unix.AbstractAccessTask,1.0,0.6605135337283327,1
617,org.apache.tools.ant.taskdefs.optional.ejb.EJBDeploymentTool,1.0,0.514573172829758,0
618,org.apache.tools.ant.util.Base64Converter,1.0,0.26152145438030755,0
619,org.apache.tools.ant.util.optional.NoExitSecurityManager,1.0,0.26303440583379356,0
620,org.apache.tools.ant.types.resources.selectors.Or,1.0,0.41503749927884365,0
621,org.apache.tools.ant.UnsupportedElementException,1.0,0.2995602818589077,0
622,org.apache.tools.ant.input.MultipleChoiceInputRequest,1.0,0.3833286395515058,0
623,org.apache.tools.ant.types.resources.BCFileSet,1.0,0.514573172829758,0
624,org.apache.tools.ant.util.facade.ImplementationSpecificArgument,1.0,0.7712437491614219,0
625,org.apache.tools.ant.types.resources.selectors.Name,0.9581179023890095,0.7135233122997164,0
626,org.apache.tools.ant.taskdefs.optional.extension.Compatability,1.0,0.2995602818589077,0
627,org.apache.tools.ant.filters.StripLineBreaks,1.0,0.8744691179161406,0
628,org.apache.tools.zip.ZipExtraField,1.0,0.6374299206152919,0
629,org.apache.tools.ant.taskdefs.optional.perforce.P4Sync,0.9874546613482086,0.5879108148395531,0
630,org.apache.tools.ant.types.selectors.modifiedselector.Cache,1.0,0.6780719051126372,0
631,org.apache.tools.ant.util.WeakishReference,1.0,0.6111962106682237,0
632,org.apache.tools.ant.taskdefs.optional.depend.constantpool.Utf8CPInfo,1.0,0.45567948377618955,0
633,org.apache.tools.ant.types.resources.selectors.None,1.0,0.41503749927884365,0
634,org.apache.tools.ant.taskdefs.optional.junit.DOMUtil,1.0,0.5849625007211565,0
635,org.apache.tools.ant.taskdefs.optional.depend.ClassFileUtils,1.0,0.26303440583379356,0
636,org.apache.tools.ant.types.resources.First,0.975738207311685,0.4445740743498138,0
637,org.apache.tools.ant.types.resources.comparators.FileSystem,nan,0.0,1
638,org.apache.tools.ant.listener.Log4jListener,0.97857909714203,1.1753125139642064,1
639,org.apache.tools.ant.types.resources.ImmutableResourceException,1.0,0.26303440583379356,0
640,org.apache.tools.ant.taskdefs.optional.depend.constantpool.ConstantCPInfo,1.0,0.3833286395515058,0
641,org.apache.tools.ant.util.regexp.JakartaRegexpRegexp,1.0,0.2995602818589077,0
642,org.apache.tools.ant.util.regexp.Jdk14RegexpMatcher,1.0,0.9048427669596599,0
643,org.apache.tools.ant.taskdefs.optional.perforce.P4Delete,1.0,0.6309297535714571,0
644,org.apache.tools.ant.types.resources.BZip2Resource,0.9536809359250074,0.9796790077513269,0
645,org.apache.tools.ant.taskdefs.optional.extension.DeweyDecimal,1.0,0.26303440583379356,0
646,org.apache.tools.ant.util.KeepAliveInputStream,1.0,0.26303440583379356,0
647,org.apache.tools.ant.taskdefs.condition.IsFalse,1.0,0.6309297535714571,0
648,org.apache.tools.ant.SubBuildListener,1.0,0.26303440583379356,0
649,org.apache.tools.ant.Executor,1.0,0.26303440583379356,0
650,org.apache.tools.ant.filters.util.JavaClassHelper,nan,0.0,0
651,org.apache.tools.ant.taskdefs.optional.native2ascii.SunNative2Ascii,1.0,0.41503749927884365,0
652,org.apache.tools.ant.input.GreedyInputHandler,1.0,0.41503749927884365,0
653,org.apache.tools.ant.taskdefs.optional.unix.Chown,1.0,0.5405683813627024,0
654,org.apache.tools.ant.taskdefs.condition.IsSet,1.0,0.4482714149273191,0
655,org.apache.tools.ant.types.selectors.SelectorScanner,1.0,0.41503749927884365,0
656,org.apache.tools.ant.taskdefs.compilers.Kjc,nan,0.0,0
657,org.apache.tools.ant.types.resources.selectors.Majority,1.0,1.0130971932505355,0
658,org.apache.tools.ant.taskdefs.BZip2,1.0,0.26303440583379356,0
659,org.apache.tools.ant.taskdefs.condition.ResourcesMatch,0.9918902039261234,0.6633762813528069,0
660,org.apache.tools.ant.taskdefs.optional.native2ascii.Native2AsciiAdapterFactory,1.0,0.2995602818589077,0
661,org.apache.tools.ant.types.Environment,1.0,0.6812850396923539,0
662,org.apache.tools.ant.types.resources.comparators.Content,1.0,0.41503749927884365,0
663,org.apache.tools.ant.filters.StringInputStream,1.0,0.26303440583379356,0
664,org.apache.tools.ant.taskdefs.email.PlainMailer,nan,0.0,1
665,org.apache.tools.ant.taskdefs.compilers.Sj,1.0,0.26303440583379356,0
666,org.apache.tools.ant.taskdefs.rmic.RmicAdapter,1.0,0.514573172829758,0
667,org.apache.tools.ant.taskdefs.optional.depend.constantpool.IntegerCPInfo,1.0,0.41503749927884365,0
668,org.apache.tools.ant.taskdefs.compilers.JavacExternal,nan,0.0,0
669,org.apache.tools.ant.taskdefs.optional.jsp.Jasper41Mangler,1.0,0.2995602818589077,0
670,org.apache.tools.ant.types.FlexInteger,1.0,0.3833286395515058,0
671,org.apache.tools.ant.util.IdentityMapper,1.0,0.41503749927884365,0
672,org.apache.tools.ant.util.Retryable,1.0,0.26303440583379356,0
673,org.apache.tools.ant.taskdefs.optional.jsp.JspMangler,1.0,0.26303440583379356,0
674,org.apache.tools.ant.taskdefs.optional.javah.SunJavah,1.0,0.2995602818589077,0
675,org.apache.tools.ant.util.regexp.Regexp,1.0,0.41503749927884365,0
676,org.apache.tools.ant.taskdefs.optional.javah.JavahAdapterFactory,1.0,0.2995602818589077,0
677,org.apache.tools.ant.taskdefs.LogStreamHandler,1.0,0.41503749927884365,0
678,org.apache.tools.ant.util.Tokenizer,1.0,0.26303440583379356,0
