1,io.netty.channel.sctp.DefaultSctpChannelConfig,0.9408371088867936,1.470691804884458,1
2,io.netty.channel.DefaultChannelPipeline,0.8616156943736278,2.379768728202042,9
3,io.netty.handler.codec.http.websocketx.WebSocketRequestBuilder,0.9564207204569563,1.6546036921797074,0
4,io.netty.channel.sctp.nio.NioSctpChannel,0.7786685645537724,1.6028615099883894,0
5,io.netty.channel.socket.aio.AioSocketChannel,0.929238153277828,1.471157304469664,3
6,io.netty.util.internal.InternalLogger,1.0,0.9125371587496602,0
7,io.netty.handler.codec.compression.SnappyFramedEncoderTest,0.9499799525177954,0.7368984134823465,0
8,io.netty.buffer.AbstractByteBuf,0.9013357448950261,1.568069639723381,2
9,io.netty.handler.codec.http.HttpResponseStatus,0.8730120496465099,1.6123351990792147,0
10,io.netty.channel.local.LocalChannel,0.8667553244573926,1.3675009912506515,5
11,io.netty.handler.codec.http.websocketx.WebSocketServerProtocolHandshakeHandler,1.0,0.5625946876927019,0
12,io.netty.example.http.file.HttpStaticFileServer,1.0,0.6111962106682237,1
13,io.netty.buffer.ByteBufInputStream,0.7085335992166344,0.9059604109013641,0
14,io.netty.handler.codec.http.HttpObjectEncoder,0.9724219078922447,0.6272277207451733,1
15,io.netty.buffer.SwappedByteBuf,0.5961539669286345,2.5896650687757012,2
16,io.netty.handler.codec.socks.SocksAuthResponse,1.0,1.070052958564145,0
17,io.netty.buffer.AbstractByteBufTest,0.8865008034287182,0.9117143652469408,0
18,io.netty.handler.codec.http.HttpResponse,1.0,0.41503749927884365,0
19,io.netty.buffer.ByteBufAllocator,1.0,0.8395353278067538,0
20,io.netty.channel.ChannelPipeline,1.0,0.9455522159776231,0
21,io.netty.channel.oio.OioEventLoopGroup,0.8016745953157595,1.1702927407202435,0
22,io.netty.buffer.UnpooledDirectByteBuf,0.9016073876102022,1.631442133030751,2
23,io.netty.util.internal.PlatformDependent0,1.0,1.1847220033703934,1
24,io.netty.channel.group.DefaultChannelGroupFuture,0.8958125022259097,1.3226143410032918,3
25,io.netty.util.HashedWheelTimer,0.838415626577322,1.20626711049871,2
26,io.netty.channel.udt.UdtChannelConfig,1.0,0.8687554667217474,0
27,io.netty.handler.codec.http.multipart.DefaultHttpDataFactory,0.9649897470582769,1.1371668708974654,0
28,io.netty.channel.socket.nio.NioDatagramChannelConfig,1.0,1.1906835616091105,0
29,io.netty.channel.udt.nio.NioUdtProvider,0.7995572867688189,0.8635824391434107,0
30,io.netty.handler.codec.spdy.SpdyHeaderBlockZlibCompressor,0.9116989073098827,0.5673137766802328,0
31,io.netty.channel.socket.oio.OioServerSocketChannel,0.9345521115092781,1.8971678545124298,0
32,io.netty.channel.AbstractChannel,0.6738139356212646,1.5059100777838146,9
33,io.netty.channel.sctp.nio.NioSctpServerChannel,1.0,2.0681781088248363,0
34,io.netty.handler.codec.http.multipart.HttpPostRequestDecoder,0.9864377496886414,1.0299410832155877,4
35,io.netty.handler.codec.http.HttpContentDecoder,0.9828183786104163,0.8269617613088414,6
36,io.netty.handler.codec.spdy.SpdySessionHandlerTest,0.8607087384681338,0.6517317762570084,0
37,io.netty.channel.nio.NioEventLoopTest,1.0,0.26303440583379356,0
38,io.netty.handler.codec.http.HttpClientCodec,1.0,0.9949467722737146,2
39,io.netty.channel.VoidChannelPromise,1.0,2.115374374514606,2
40,io.netty.buffer.DuplicatedByteBuf,1.0,0.888556135409162,1
41,io.netty.channel.udt.DefaultUdtServerChannelConfig,1.0,1.0289126919152392,1
42,io.netty.testsuite.transport.sctp.SctpEchoTest,1.0,0.7547847982223093,0
43,io.netty.handler.codec.rtsp.RtspResponseStatuses,1.0,1.1535739192656624,0
44,io.netty.handler.codec.http.websocketx.WebSocketServerHandshakerFactory,0.9516036049603808,0.6245411347086417,0
45,io.netty.handler.stream.ChunkedNioStream,0.8644012495228348,0.8480642624078532,0
46,io.netty.buffer.EmptyByteBuf,0.888100088802182,3.460700079864815,1
47,io.netty.handler.codec.spdy.SpdyFrameEncoder,0.8758561970841698,0.45402279865876594,1
48,io.netty.example.http.websocketx.client.WebSocketClientHandler,0.9400207280157693,1.2703978684247867,2
49,io.netty.channel.ChannelHandlerAdapter,1.0,0.7104933828050145,2
50,io.netty.handler.codec.http.websocketx.WebSocketClientHandshaker,0.9260437585615928,1.7433771643053158,0
51,io.netty.testsuite.util.BogusKeyStore,1.0,0.904096725710615,0
52,io.netty.channel.nio.AbstractNioMessageChannel,1.0,0.5849625007211565,3
53,io.netty.test.udt.bench.xfer.UdtNetty,0.9440693032802767,1.19615871138938,1
54,io.netty.util.internal.MessageFormatter,0.9398498940405139,1.9858831596355286,0
55,io.netty.handler.codec.http.websocketx.PongWebSocketFrame,1.0,0.4739311883324126,1
56,io.netty.handler.codec.CorruptedFrameException,1.0,0.5849625007211565,0
57,io.netty.channel.sctp.oio.OioSctpServerChannel,0.9321404605935487,2.064577401742962,0
58,io.netty.util.internal.CommonsLoggerTest,0.9216532842925907,1.3347353392420462,0
59,com.sun.nio.sctp.SctpServerChannel,1.0,0.7589919004962047,0
60,io.netty.handler.codec.http.FullHttpMessage,1.0,0.41503749927884365,0
61,io.netty.channel.Channel,1.0,0.8300749985576877,0
62,io.netty.channel.aio.AioEventLoop,1.0,0.980235817906681,2
63,io.netty.channel.SingleThreadEventExecutor,0.7989489599556572,1.3756872381525047,1
64,io.netty.channel.socket.DefaultDatagramChannelConfig,0.9394006704606978,1.750441883131927,1
65,io.netty.test.udt.bench.xfer.TcpNative,1.0,0.754887502163468,0
66,io.netty.channel.DefaultChannelHandlerContext,0.9567216905632011,1.4201043655213714,8
67,io.netty.handler.codec.compression.CompressionException,1.0,0.5849625007211565,0
68,io.netty.handler.codec.spdy.SpdySessionStatus,0.7608094257594182,1.1447494399892972,0
69,io.netty.handler.codec.spdy.SpdyHttpHeaders,1.0,0.8395353278067538,0
70,io.netty.channel.nio.NioEventLoopGroup,1.0,0.6374299206152919,1
71,io.netty.handler.codec.compression.SnappyFramedDecoder,0.980521095367864,0.8820502446140365,0
72,io.netty.handler.codec.serialization.CompatibleObjectEncoder,0.935132993489119,1.0884388810420396,0
73,io.netty.handler.codec.spdy.SpdyWindowUpdateFrame,1.0,0.514573172829758,0
74,io.netty.util.internal.PlatformDependent,1.0,1.406859770046958,2
75,io.netty.channel.socket.nio.NioServerSocketChannel,1.0,1.9104956218460116,0
76,io.netty.handler.codec.http.websocketx.WebSocket08FrameEncoder,0.8360984453180266,0.8799218175253878,0
77,io.netty.handler.codec.http.DefaultHttpResponse,1.0,0.6374299206152919,0
78,io.netty.channel.CompleteChannelPromise,1.0,0.7776075786635526,0
79,io.netty.handler.codec.serialization.ObjectDecoderInputStream,1.0,2.4754074760885576,0
80,io.netty.handler.codec.spdy.DefaultSpdyDataFrame,1.0,1.0180339228302617,0
81,io.netty.buffer.UnpooledTest,1.0,0.8969065070358964,0
82,io.netty.buffer.CompositeByteBuf,1.0,0.965234581839323,0
83,io.netty.handler.codec.socks.SocksCmdRequest,0.9794609287208005,1.0724092474444709,0
84,io.netty.buffer.PooledDirectByteBuf,0.8509986421098699,1.5085548527992776,1
85,io.netty.channel.ChannelFlushPromiseNotifier,0.914994048821551,0.897806735000646,0
86,io.netty.handler.codec.marshalling.CompatibleMarshallingEncoder,1.0,0.2995602818589077,0
87,io.netty.handler.codec.ReplayingDecoderBuffer,1.0,3.5557290217037902,1
88,io.netty.handler.codec.http.HttpHeaders,0.6953017727958248,1.4556292440542473,1
89,io.netty.channel.ChannelMetadata,0.9749423814562093,0.923998453277475,0
90,io.netty.channel.DefaultChannelPromise,0.8783131110469988,1.2633063702316198,0
91,io.netty.channel.ChannelHandlerContext,1.0,0.8969065070358964,0
92,io.netty.handler.codec.http.HttpMethod,0.9348886281772322,1.2649792975229428,0
93,io.netty.handler.codec.socks.SocksAuthRequestDecoder,0.972048727828509,0.8907641396964532,1
94,io.netty.handler.codec.spdy.DefaultSpdySynStreamFrame,1.0,1.8396899302092615,0
95,io.netty.handler.codec.spdy.SpdyHttpDecoder,0.9993494889057232,0.5726742365473566,1
96,io.netty.handler.codec.spdy.SpdySessionHandler,0.9686868254327085,1.097652132979442,3
97,io.netty.handler.logging.MessageLoggingHandler,1.0,0.8940665552509346,0
98,io.netty.example.http.upload.HttpUploadClientIntializer,1.0,0.2995602818589077,0
99,io.netty.test.udt.nio.NioUdtMessageRendezvousChannelTest,1.0,0.4629997092781117,0
100,io.netty.handler.codec.http.websocketx.UTF8Output,0.8733378532055545,0.9876745509226342,0
101,io.netty.handler.codec.http.DefaultHttpHeaders,0.9610249029584793,1.1900207801755636,1
102,io.netty.handler.codec.base64.Base64,0.8555251389510896,1.4871591530115855,0
103,io.netty.example.localecho.LocalEchoClientHandler,1.0,0.26303440583379356,1
104,io.netty.example.http.websocketx.server.WebSocketServerHandler,0.9692569162217287,0.9932226589475714,2
105,io.netty.buffer.PoolArena,0.9427476118740757,1.1959118209195803,0
106,io.netty.channel.ChannelPromiseAggregator,0.9567803853222197,0.5709302843224554,0
107,io.netty.handler.codec.spdy.SpdyCodecUtil,1.0,0.9525043444615924,0
108,io.netty.handler.codec.http.multipart.AbstractDiskHttpData,0.9820123726302415,1.1491337633794587,1
109,io.netty.channel.oio.OioByteStreamChannel,0.9328779403688515,0.968474385044778,0
110,io.netty.handler.codec.spdy.SpdyHeaders,1.0,0.9566962157791393,1
111,io.netty.example.factorial.FactorialClientHandler,0.750500464000711,1.1277749202867868,1
112,io.netty.handler.codec.compression.SnappyFramedEncoder,0.9925807550823653,0.944605934920849,0
113,io.netty.channel.embedded.AbstractEmbeddedChannel,0.7696105634832437,1.4368154165283786,0
114,io.netty.handler.codec.spdy.SpdyGoAwayFrame,1.0,0.514573172829758,0
115,io.netty.buffer.AbstractMessageBuf,0.8922892553730786,1.214145341997896,1
116,io.netty.handler.codec.spdy.SpdyStreamStatus,0.6991198457700708,1.402800643821555,0
117,io.netty.handler.codec.http.multipart.MixedFileUpload,0.8046367811303022,0.8143084831197892,0
118,io.netty.handler.codec.DelimiterBasedFrameDecoder,0.9481458262658391,1.1118217322019348,1
119,io.netty.example.proxy.HexDumpProxyInitializer,1.0,0.3833286395515058,0
120,io.netty.handler.timeout.ReadTimeoutHandler,0.8509667530905689,1.3261311772230582,1
121,io.netty.channel.sctp.SctpNotificationEvent,0.9696947588150495,0.8075667266609193,0
122,io.netty.buffer.DefaultCompositeByteBuf,0.957894919765754,1.5655939609996925,7
123,io.netty.handler.codec.http.multipart.AbstractHttpData,1.0,1.0757273261632443,1
124,io.netty.channel.socket.nio.NioDatagramChannel,0.8722136148765935,1.8741694448607302,0
125,io.netty.example.http.websocketx.sslserver.WebSocketSslServerSslContext,0.9900717654997143,0.658306398802679,0
126,io.netty.buffer.AbstractReferenceCounted,0.9804892346863928,0.4543556899963522,1
127,io.netty.channel.oio.AbstractOioChannel,1.0,1.4369639499310758,0
128,io.netty.example.securechat.SecureChatClientHandler,1.0,0.2995602818589077,1
129,io.netty.verify.osgi.BasicFrameworkIT,1.0,0.9247307565206975,0
130,io.netty.handler.stream.ChunkedWriteHandlerTest,0.9297148419675902,0.7303628186621494,0
131,io.netty.handler.codec.http.websocketx.WebSocketServerProtocolHandlerTest,0.9795842593771927,0.6243088482931415,0
132,io.netty.handler.codec.marshalling.LimitingByteInput,0.9633747661339961,0.9989884054097787,0
133,io.netty.example.uptime.UptimeClientHandler,0.9398580176905182,1.39067985676233,1
134,io.netty.handler.codec.ByteToByteCodec,1.0,1.0188590272513156,0
135,io.netty.channel.sctp.DefaultSctpServerChannelConfig,0.9357832572665008,1.6215083163504402,1
136,io.netty.handler.codec.http.multipart.Attribute,1.0,0.5849625007211565,0
137,io.netty.handler.stream.ChunkedWriteHandler,0.8423743757537446,0.9087218110604796,3
138,io.netty.handler.codec.spdy.DefaultSpdyWindowUpdateFrame,1.0,0.8073549220576041,0
139,io.netty.buffer.FilteredMessageBuf,1.0,1.013872174581558,1
140,io.netty.handler.codec.socks.SocksAuthStatus,1.0,0.514573172829758,0
141,io.netty.handler.codec.spdy.SpdyHttpEncoder,0.988621650252927,0.5241082570694499,2
142,io.netty.channel.rxtx.DefaultRxtxChannelConfig,1.0,1.3433017456799283,2
143,io.netty.buffer.DefaultMessageBuf,0.9466824589637318,0.7425361960214668,0
144,io.netty.channel.aio.AioEventLoopTest,1.0,0.26303440583379356,0
145,io.netty.handler.codec.ByteToMessageDecoder,0.9425716926707691,1.448776365514591,5
146,io.netty.buffer.PoolChunkList,0.9397299301725673,0.9906403349981656,0
147,io.netty.example.qotm.QuoteOfTheMomentServerHandler,0.912047129529638,0.8294815410824664,1
148,io.netty.handler.timeout.IdleStateEvent,1.0,1.4965456761959437,0
149,io.netty.channel.socket.DatagramChannel,1.0,0.8687554667217474,0
150,io.netty.channel.socket.SocketChannelConfig,1.0,0.8744691179161412,0
151,io.netty.channel.CombinedChannelDuplexHandler,0.8327224761262413,1.597218278859236,1
152,io.netty.handler.codec.socks.SocksInitResponseDecoder,0.8668309711260869,0.9193824439626097,1
153,io.netty.channel.rxtx.RxtxChannelOption,1.0,0.7104933828050145,1
154,io.netty.handler.codec.http.DefaultFullHttpResponse,0.9509398968744124,1.7261623660715184,0
155,io.netty.channel.sctp.SctpMessage,0.9518095078939673,0.8071356986916889,0
156,io.netty.channel.socket.aio.AioServerSocketChannelConfig,0.6516355393605199,1.421422447115171,0
157,io.netty.handler.codec.http.HttpObjectDecoder,0.9585228039302744,0.8626565275362487,2
158,io.netty.channel.socket.oio.DefaultOioSocketChannelConfig,1.0,0.9526942852216433,1
159,io.netty.handler.codec.socks.SocksRequest,1.0,0.6309297535714571,0
160,io.netty.buffer.ByteBuf,1.0,0.9799622467634549,0
161,io.netty.channel.socket.oio.OioServerSocketChannelConfig,1.0,0.7589919004962047,0
162,io.netty.handler.codec.spdy.SpdySession,0.951160099501877,1.671580593157898,0
163,io.netty.channel.ChannelOperationHandler,1.0,0.7104933828050145,0
164,io.netty.channel.aio.AioEventLoopGroup,1.0,1.4874497053055824,1
165,io.netty.handler.codec.spdy.DefaultSpdySettingsFrame,0.9705125921164554,1.4465534705381,0
166,io.netty.test.udt.util.CaliperMeasure,0.9576245204774959,1.0605979515839878,0
167,io.netty.buffer.PooledByteBufAllocator,0.9001676661132308,1.3635300200884344,1
168,io.netty.handler.codec.http.HttpResponseEncoder,1.0,0.26303440583379356,0
169,io.netty.channel.aio.AbstractAioChannelFinderTest,1.0,0.41503749927884365,0
170,io.netty.util.internal.SystemPropertyUtil,0.9946139613824971,1.2616868359267366,0
171,io.netty.handler.codec.serialization.ObjectEncoderOutputStream,1.0,0.9725467872591933,0
172,io.netty.util.UniqueNameTest,0.926677286368564,1.1383174623951482,0
173,io.netty.buffer.PooledHeapByteBuf,1.0,1.108367240514636,1
174,io.netty.example.proxy.HexDumpProxyBackendHandler,1.0,1.1031562148684824,0
175,io.netty.test.udt.util.CaliperBench,1.0,1.3085486757573812,0
176,io.netty.channel.DefaultEventExecutorGroup,1.0,0.41503749927884365,0
177,io.netty.handler.codec.http.multipart.CaseIgnoringComparator,1.0,0.5849625007211565,0
178,io.netty.example.udt.echo.bytes.ByteEchoClientHandler,0.7991540405248118,0.8097566139084305,1
179,io.netty.example.telnet.TelnetClientHandler,1.0,0.2995602818589077,1
180,io.netty.testsuite.transport.socket.SocketShutdownOutputBySelfTest,1.0,0.26303440583379356,0
181,io.netty.handler.codec.socks.SocksInitRequest,0.8991392132011377,0.660964047443681,0
182,io.netty.handler.codec.http.websocketx.WebSocketServerHandshaker08,1.0,0.6888508192558226,0
183,io.netty.example.echo.EchoServer,1.0,0.6111962106682237,1
184,io.netty.handler.codec.spdy.SpdySynStreamFrame,1.0,0.7369655941662059,0
185,io.netty.test.udt.util.TrafficControl,0.9153697882146413,0.8101986080260044,0
186,io.netty.example.worldclock.WorldClockClient,0.9645253002337428,0.8335565297070205,1
187,io.netty.handler.codec.LengthFieldBasedFrameDecoder,0.9359321708897634,1.0536694849013284,2
188,io.netty.channel.aio.ReflectiveAioChannelFinder,0.9989889648670878,0.3571475744064535,0
189,io.netty.handler.codec.http.HttpObjectAggregator,0.8591505465467768,0.5052714722564571,3
190,io.netty.channel.socket.nio.NioSocketChannel,0.8828232837260661,2.1335875568276155,1
191,io.netty.util.internal.Log4JLogger,0.9652105874643446,1.4416058974957984,0
192,io.netty.handler.codec.spdy.DefaultSpdySynReplyFrame,1.0,0.8624964762500646,0
193,io.netty.handler.codec.serialization.ReferenceMap,1.0,1.8619307385356496,0
194,io.netty.test.udt.util.EchoMessageHandler,0.9560277116691476,1.2924812503605778,0
195,io.netty.handler.codec.http.HttpObjecctAggregatorTest,1.0,0.7104933828050145,0
196,io.netty.buffer.AbstractByteBufAllocator,1.0,1.340869658540823,0
197,io.netty.handler.codec.http.multipart.HttpData,1.0,0.8687554667217474,0
198,io.netty.handler.codec.string.StringDecoder,1.0,0.4739311883324126,1
199,io.netty.util.internal.CommonsLogger,0.9646250853380953,1.3063793955933942,0
200,io.netty.handler.codec.socks.SocksCmdResponse,0.9341771638439876,1.2190837888353745,0
201,io.netty.channel.nio.AbstractNioChannel,0.8442979054491002,1.1815571136621954,0
202,io.netty.buffer.BufUtil,1.0,1.065887935656458,0
203,io.netty.handler.codec.http.HttpMessage,1.0,0.41503749927884365,0
204,io.netty.util.internal.Slf4JLoggerFactory,1.0,0.41503749927884365,0
205,io.netty.handler.codec.LineBasedFrameDecoder,0.9654012236374053,0.9419574925738279,1
206,io.netty.util.internal.Slf4JLoggerTest,0.9216532842925907,1.3347353392420462,0
207,io.netty.channel.socket.oio.OioSocketChannelConfig,1.0,0.8300749985576877,0
208,io.netty.example.http.snoop.HttpSnoopServer,1.0,0.6111962106682237,1
209,io.netty.buffer.PooledUnsafeDirectByteBuf,0.9126271449860691,1.3748858768379109,3
210,io.netty.handler.traffic.TrafficCounter,0.9576995770939694,1.022391053470547,0
211,io.netty.handler.timeout.IdleStateHandler,0.931701049834319,1.8739185660705002,1
212,io.netty.channel.sctp.SctpChannel,1.0,0.7776075786635526,0
213,io.netty.handler.codec.marshalling.ThreadLocalUnmarshallerProvider,1.0,1.10980032631426,0
214,io.netty.example.worldclock.WorldClockServer,1.0,0.6111962106682237,1
215,io.netty.handler.codec.http.multipart.HttpPostBodyUtil,1.0,0.8395353278067538,0
216,io.netty.handler.codec.http.websocketx.WebSocketClientHandshaker00,0.9325914904469114,0.9999999999999999,0
217,io.netty.handler.codec.compression.Snappy,0.9745700072639281,0.798950809461731,1
218,io.netty.channel.group.DefaultChannelGroup,0.9386706536544922,1.9577738799927298,5
219,io.netty.handler.codec.marshalling.RiverCompatibleMarshallingDecoderTest,1.0,0.26303440583379356,0
220,io.netty.example.worldclock.WorldClockProtocol,1.0,0.8462905846045471,0
221,io.netty.channel.socket.DefaultSocketChannelConfig,1.0,2.183814932480345,1
222,io.netty.channel.udt.nio.NioUdtByteConnectorChannel,0.868990928609646,1.9508040420421446,0
223,io.netty.handler.codec.spdy.SpdyOrHttpChooser,1.0,1.6750869616475526,1
224,io.netty.handler.codec.http.HttpContentCompressor,1.0,0.7104933828050152,1
225,io.netty.channel.ChannelOutboundByteHandlerAdapter,1.0,0.5849625007211565,0
226,io.netty.handler.codec.sctp.SctpMessageCompletionHandler,0.9640233326696944,0.49427511258129603,0
227,io.netty.example.securechat.SecureChatTrustManagerFactory,1.0,0.5343364276511882,0
228,io.netty.channel.ChannelOutboundInvoker,1.0,0.8624964762500653,0
229,io.netty.util.internal.JavassistTypeParameterMatcherGenerator,1.0,0.45567948377618955,1
230,io.netty.handler.codec.http.multipart.MemoryAttribute,1.0,1.6713914915561325,0
231,io.netty.handler.codec.marshalling.ThreadLocalMarshallerProvider,1.0,1.10980032631426,0
232,io.netty.handler.codec.spdy.DefaultSpdyRstStreamFrame,1.0,0.8712666858777969,0
233,com.sun.nio.sctp.SctpChannel,1.0,0.8300749985576877,0
234,io.netty.buffer.Unpooled,0.8235311503638717,1.4874949221271083,1
235,io.netty.handler.codec.socks.SocksCmdResponseDecoder,0.9560797629705869,0.9431051635559874,1
236,io.netty.handler.codec.sctp.SctpInboundByteStreamHandler,0.9536809359250074,0.9796790077513269,0
237,io.netty.handler.codec.spdy.SpdyFrameDecoder,0.9761058371723057,0.8769678257638864,1
238,io.netty.handler.logging.LoggingHandler,0.9503120006349978,1.1863122904718775,0
239,io.netty.test.udt.util.CustomReporter,0.7902603439376629,0.5645798451713594,0
240,io.netty.buffer.SlicedByteBuf,1.0,2.0615690345022695,1
241,io.netty.util.internal.Slf4JLogger,0.922556975864515,1.7634976292396503,0
242,io.netty.handler.ssl.SslHandler,0.9004554117999983,2.2957060374603717,8
243,io.netty.handler.codec.http.HttpRequestEncoderTest,1.0,0.26303440583379356,0
244,io.netty.buffer.QueueBackedMessageBuf,1.0,2.020431507897548,0
245,io.netty.channel.socket.aio.DefaultAioSocketChannelConfig,0.6166591650177496,1.7119820171922484,0
246,io.netty.channel.sctp.SctpServerChannelConfig,1.0,0.7935491225325737,0
247,io.netty.handler.codec.compression.JZlibEncoder,0.867308631382519,0.46544096360979365,2
248,io.netty.example.http.snoop.HttpSnoopServerHandler,0.9844035642110094,0.4271588640389985,1
249,io.netty.channel.udt.UdtServerChannelConfig,1.0,0.8194277543581792,0
250,io.netty.channel.ChannelHandler,1.0,0.6374299206152919,0
251,io.netty.buffer.Buf,1.0,0.7104933828050145,0
252,io.netty.example.udt.util.UtilConsoleReporter,0.7902603439376629,0.5645798451713594,0
253,io.netty.buffer.AbstractCompositeByteBufTest,0.9544717077745303,0.4656705544055622,0
254,io.netty.buffer.ReadOnlyByteBuf,1.0,2.0037191658319276,2
255,io.netty.example.proxy.HexDumpProxyFrontendHandler,0.8668306885244127,0.9306878234343885,0
256,io.netty.example.http.upload.HttpUploadClient,0.9153798144990672,0.644680699998607,2
257,io.netty.buffer.UnpooledHeapByteBuf,0.9417735350117249,1.178595465123053,1
258,io.netty.handler.codec.socks.SocksCmdRequestDecoder,0.979402241331889,0.7888684944396405,1
259,io.netty.util.internal.TypeParameterMatcher,0.931282913803572,0.5900281960840221,2
260,io.netty.channel.ChannelOption,1.0,0.9332738861991874,1
261,io.netty.util.internal.InternalLoggerFactoryTest,0.9119722591294221,0.7100838299475951,0
262,io.netty.example.udt.echo.message.MsgEchoServerHandler,1.0,0.9247307565206975,1
263,io.netty.channel.ChannelOperationHandlerAdapter,1.0,0.6780719051126372,0
264,io.netty.handler.codec.http.websocketx.WebSocketServerHandshaker13,1.0,0.6888508192558226,0
265,io.netty.channel.embedded.EmbeddedEventLoop,1.0,0.9820334534705506,1
266,io.netty.channel.sctp.oio.OioSctpChannel,0.847467910632916,1.7448235354684756,0
267,io.netty.handler.codec.http.websocketx.WebSocketClientHandshaker08,0.9356261716913323,1.103468602401591,0
268,io.netty.buffer.PoolThreadCache,1.0,0.41503749927884365,0
269,io.netty.handler.codec.spdy.SpdySettingsFrame,1.0,0.8687554667217474,0
270,io.netty.channel.udt.nio.NioUdtAcceptorChannel,0.9487725259603391,1.9081440234138056,0
271,io.netty.channel.rxtx.RxtxChannel,0.8345898486052776,0.7528458080395641,1
272,io.netty.handler.traffic.AbstractTrafficShapingHandler,0.9731144055395955,1.5352764620336494,6
273,io.netty.handler.codec.marshalling.ChannelBufferByteInput,0.8728686917246341,0.9294318358253442,0
274,io.netty.handler.codec.marshalling.DefaultMarshallerProvider,1.0,0.3833286395515058,0
275,io.netty.example.http.websocketx.server.WebSocketServerIndexPage,1.0,0.11573914119631291,0
276,io.netty.example.securechat.SecureChatServer,1.0,0.6111962106682237,1
277,io.netty.channel.local.LocalServerChannel,0.935527893955152,1.773406937008195,1
278,io.netty.util.ResourceLeakDetector,0.8868133747924213,1.3906555222912416,0
279,io.netty.util.UniqueName,0.9486392484851838,1.2910436052461047,0
280,io.netty.example.udt.echo.rendevous.MsgEchoPeerHandler,1.0,1.2409335458535409,1
281,io.netty.handler.codec.compression.SnappyFramedDecoderTest,0.9806499935278918,1.1480609835039963,0
282,io.netty.buffer.PoolSubpage,0.9377143049848505,1.1344818815051414,0
283,io.netty.example.udt.util.UtilThreadFactory,1.0,0.3833286395515058,0
284,io.netty.handler.codec.http.QueryStringEncoder,0.9632668255892456,0.9363337031764835,0
285,io.netty.handler.codec.MessageToMessageCodec,1.0,1.1202942337177115,1
286,io.netty.handler.codec.http.websocketx.WebSocketHandshakeException,1.0,0.41503749927884365,0
287,io.netty.buffer.ByteBufDerivationTest,1.0,1.5093842420185066,0
288,io.netty.handler.codec.http.multipart.AbstractMemoryHttpData,0.9689850084827026,1.1431905490774426,3
289,io.netty.example.http.websocketx.autobahn.AutobahnServerHandler,0.7979242286257721,1.0756474325531633,1
290,io.netty.handler.codec.ReplayingDecoder,0.9284700458317281,1.2852577063460642,5
291,io.netty.handler.codec.http.multipart.HttpPostRequestEncoder,0.9725466333763516,1.0246747908917577,4
292,io.netty.buffer.ReadOnlyByteBufTest,1.0,0.855610090664825,0
293,io.netty.example.http.file.HttpStaticFileServerHandler,0.8652711082256095,0.8359038565324891,1
294,io.netty.channel.local.LocalTransportThreadModelTest2,1.0,0.5025003405291832,0
295,io.netty.handler.traffic.GlobalTrafficShapingHandler,1.0,0.5145731728297583,0
296,io.netty.handler.timeout.ReadTimeoutException,1.0,0.41503749927884365,0
297,io.netty.handler.codec.socks.SocksMessage,0.9753895296206024,1.064641508472483,0
298,io.netty.handler.codec.socks.SocksCommonUtils,0.7489753984705441,0.8672830232555413,0
299,io.netty.channel.group.CombinedIterator,0.9191830613464387,0.6992021566589354,0
300,io.netty.bootstrap.ServerBootstrap,0.9874385391185412,1.292976215412247,1
301,io.netty.handler.codec.http.multipart.InternalAttribute,0.8793932201847936,1.44720334121582,1
302,io.netty.handler.codec.serialization.CachingClassResolver,1.0,0.9247307565206975,0
303,io.netty.channel.group.ChannelGroupFuture,1.0,0.84799690655495,0
304,io.netty.channel.ChannelStateHandler,1.0,0.6374299206152919,0
305,io.netty.testsuite.transport.socket.SocketStringEchoTest,1.0,0.7002689647918644,0
306,io.netty.handler.codec.base64.Base64Dialect,1.0,0.514573172829758,0
307,io.netty.example.discard.DiscardServerHandler,1.0,0.4739311883324126,1
308,io.netty.util.internal.JdkLogger,0.9450475998859822,1.627511619622926,0
309,io.netty.handler.codec.http.HttpResponseDecoder,1.0,0.6605135337283327,1
310,io.netty.example.socksproxy.DirectClientHandler,1.0,0.7369655941662059,0
311,io.netty.handler.codec.http.multipart.MixedAttribute,0.7707609637210855,0.9651799179263116,0
312,io.netty.handler.codec.http.websocketx.ContinuationWebSocketFrame,1.0,1.4086521010903512,1
313,io.netty.buffer.AbstractDerivedByteBuf,1.0,0.7104933828050145,0
314,io.netty.handler.codec.http.websocketx.WebSocketServerHandshaker,0.9253624775617225,1.6397729038489406,3
315,io.netty.handler.codec.marshalling.CompatibleMarshallingDecoder,0.935132993489119,1.0884388810420396,1
316,io.netty.channel.AbstractServerChannel,1.0,0.8103387804964259,1
317,io.netty.handler.codec.http.multipart.HttpDataFactory,1.0,0.6374299206152919,0
318,io.netty.handler.codec.FixedLengthFrameDecoder,1.0,1.1451173799643017,1
319,io.netty.handler.codec.EncoderException,1.0,0.5849625007211565,0
320,io.netty.handler.codec.http.multipart.DiskFileUpload,0.7004876615330465,1.1245308025784877,0
321,io.netty.handler.codec.http.multipart.DiskAttribute,1.0,2.041194324926937,0
322,io.netty.handler.codec.compression.SnappyIntegrationTest,1.0,0.41503749927884365,0
323,io.netty.testsuite.transport.socket.SocketSpdyEchoTest,0.7960436351789754,0.3095338607836024,0
324,io.netty.channel.DefaultChannelConfig,1.0,1.244012463440202,2
325,io.netty.buffer.PooledByteBuf,0.9141446124209609,1.0812631720968982,1
326,io.netty.handler.codec.http.HttpVersion,0.9600541327433534,1.3865796922232443,1
327,io.netty.util.CharsetUtil,1.0,0.8760112827245471,0
328,io.netty.handler.codec.UnreplayableOperationException,1.0,0.5849625007211565,0
329,io.netty.testsuite.util.TestUtils,1.0,0.899021311575802,0
330,io.netty.handler.codec.rtsp.RtspRequestDecoder,1.0,0.5849625007211565,0
331,io.netty.example.udt.echo.bytes.ByteEchoServerHandler,1.0,1.0130971932505355,0
332,io.netty.handler.codec.http.ServerCookieEncoder,1.0,0.6374299206152919,0
333,io.netty.channel.local.LocalEventLoopGroup,1.0,0.514573172829758,1
334,io.netty.buffer.LittleEndianHeapByteBufTest,1.0,0.2837999521242281,0
335,io.netty.buffer.ByteBufIndexFinderTest,1.0,0.26303440583379356,0
336,io.netty.handler.codec.http.Cookie,1.0,0.8889686876112565,0
337,io.netty.channel.socket.DatagramChannelConfig,1.0,0.8889686876112565,0
338,io.netty.testsuite.transport.socket.AbstractDatagramTest,0.9769130699270177,0.6272322106905589,0
339,io.netty.example.udt.echo.bytes.ByteEchoServer,0.9651856701821174,0.6851496712155282,1
340,io.netty.example.udt.echo.message.MsgEchoClient,0.960557398747928,0.8866745022665127,1
341,io.netty.handler.codec.DecoderResult,0.7628105407836684,0.8554034881542171,0
342,io.netty.handler.codec.http.DefaultCookie,0.8024734875861396,1.2354675699214663,0
343,io.netty.channel.DefaultChannelPipelineTest,0.8911068424985356,0.7404731098191355,0
344,io.netty.buffer.BigEndianHeapByteBufTest,1.0,0.6339853708461345,0
345,io.netty.handler.codec.http.HttpInvalidMessageTest,1.0,0.6374299206152919,0
346,io.netty.channel.embedded.EmbeddedByteChannel,1.0,0.8877968913865711,0
347,io.netty.handler.codec.ReplayingDecoderBufferTest,1.0,0.41503749927884365,0
348,io.netty.handler.codec.rtsp.RtspRequestEncoder,1.0,0.26303440583379356,0
349,io.netty.testsuite.transport.socket.AbstractServerSocketTest,0.9923148454329714,0.6788419245793965,0
350,io.netty.handler.traffic.ChannelTrafficShapingHandler,1.0,0.5849625007211565,2
351,io.netty.util.internal.StringUtil,1.0,0.4739311883324126,0
352,io.netty.handler.codec.http.websocketx.TextWebSocketFrame,1.0,0.7639326417664752,1
353,io.netty.handler.codec.compression.JdkZlibEncoder,0.9150642825023152,1.108649375388016,1
354,io.netty.handler.codec.ByteToByteDecoder,1.0,0.7192635924327471,1
355,io.netty.handler.codec.marshalling.ChannelBufferByteOutput,1.0,0.7104933828050152,0
356,io.netty.testsuite.transport.socket.SocketTestPermutation,1.0,0.5746941652673286,0
357,io.netty.channel.socket.oio.DefaultOioServerSocketChannelConfig,1.0,0.9182059088363527,1
358,io.netty.util.internal.TypeParameterMatcherTest,1.0,0.5849625007211565,0
359,io.netty.channel.DefaultEventExecutor,1.0,0.26303440583379356,0
360,io.netty.example.securechat.SecureChatKeyStore,1.0,0.904096725710615,0
361,io.netty.channel.udt.DefaultUdtChannelConfig,0.819302854707387,1.6748491930344478,1
362,io.netty.testsuite.transport.socket.SocketFixedLengthEchoTest,1.0,0.5079988142548623,0
363,io.netty.test.udt.util.EchoByteHandler,0.7545310751820566,0.9606088717267779,0
364,io.netty.handler.codec.marshalling.MarshallingDecoder,1.0,0.5849625007211565,0
365,io.netty.handler.codec.http.CookieHeaderNames,1.0,0.7935491225325737,0
366,io.netty.verify.osgi.UnitHelp,1.0,0.5343364276511882,0
367,io.netty.example.objectecho.ObjectEchoServer,1.0,0.6111962106682237,1
368,io.netty.testsuite.transport.sctp.AbstractSctpTest,0.9790495108627502,0.626748785017207,0
369,io.netty.microbench.util.DefaultBenchmark,1.0,1.134244417962951,0
370,io.netty.handler.codec.ByteToMessageCodec,1.0,1.1281048257476851,2
371,io.netty.testsuite.transport.socket.SocketObjectEchoTest,1.0,0.5627654410419295,0
372,io.netty.handler.stream.ChunkedNioFile,0.9144305108638553,1.3031940276313938,0
373,io.netty.channel.ChannelPromiseNotifier,1.0,0.6309297535714571,0
374,io.netty.util.internal.FormattingTuple,1.0,0.9269365378102766,0
375,io.netty.handler.codec.PrematureChannelClosureException,1.0,0.5849625007211565,0
376,io.netty.test.udt.util.BootHelp,1.0,0.41503749927884365,0
377,io.netty.handler.codec.http.FullHttpResponse,1.0,0.5849625007211565,0
378,io.netty.test.udt.util.UnitHelp,0.9451015831245405,2.0162878017724353,0
379,io.netty.handler.codec.compression.JZlibDecoder,0.8501332536653783,0.36294896376138774,0
380,io.netty.example.qotm.QuoteOfTheMomentClient,1.0,0.6111962106682237,1
381,io.netty.example.telnet.TelnetClientInitializer,1.0,0.41503749927884365,0
382,io.netty.bootstrap.AbstractBootstrap,0.9794281033098887,1.5328693803964646,1
383,io.netty.channel.socket.DatagramPacket,0.9926619366761044,0.7840727473182294,0
384,io.netty.handler.codec.http.DefaultHttpRequest,1.0,0.8325432541484371,0
385,io.netty.example.http.websocketx.sslserver.WebSocketSslServerHandler,0.9692569162217287,0.9932226589475714,2
386,io.netty.channel.socket.aio.AioServerSocketChannel,0.8810404211864029,2.0192011251213398,0
387,io.netty.channel.CompleteChannelFuture,1.0,1.7220296434865037,0
388,io.netty.handler.codec.http.DefaultFullHttpRequest,1.0,1.7540283097370037,0
389,io.netty.channel.ChannelPipelineException,1.0,0.5849625007211565,0
390,io.netty.channel.socket.SocketChannel,1.0,0.7104933828050145,0
391,io.netty.handler.codec.http.QueryStringDecoder,0.9510629711244895,1.0428320167344427,0
392,io.netty.handler.codec.marshalling.RiverCompatibleMarshallingEncoderTest,1.0,0.26303440583379356,0
393,io.netty.util.DefaultAttributeMapTest,0.970354304093533,0.5497678367754572,0
394,io.netty.util.NetUtil,0.7447865035099749,0.8495323870054149,0
395,io.netty.channel.socket.oio.OioDatagramChannel,0.6007060224316747,1.347740922745215,0
396,io.netty.example.objectecho.ObjectEchoServerHandler,1.0,0.2995602818589077,0
397,io.netty.handler.codec.http.DefaultHttpContent,0.9953870208397259,0.8984395321812204,0
398,io.netty.handler.codec.base64.Base64Encoder,1.0,0.6374299206152919,0
399,io.netty.channel.SucceededChannelFuture,1.0,0.5849625007211565,0
400,io.netty.example.discard.DiscardClientHandler,0.916393503339465,1.3745158527947177,1
401,io.netty.buffer.DefaultByteBufHolder,0.8156986414423961,0.8765174504573201,1
402,io.netty.handler.codec.bytes.ByteArrayEncoderTest,0.9848942425771062,0.49619857012387786,0
403,io.netty.example.http.upload.HttpUploadServerHandler,0.9719713990660643,0.474391072803728,2
404,io.netty.handler.codec.socks.SocksAuthRequest,0.9571430880982283,0.9942139018884637,0
405,io.netty.example.socksproxy.RelayHandler,0.9089307679175789,0.7628224316972818,0
406,io.netty.buffer.PoolChunk,0.9349342789408877,1.4683432742177058,0
407,io.netty.channel.nio.SelectorUtil,1.0,1.317042416019651,0
408,io.netty.util.internal.CommonsLoggerFactory,1.0,0.26303440583379356,0
409,io.netty.handler.codec.spdy.SpdyProtocolException,1.0,0.5849625007211565,0
410,io.netty.channel.sctp.SctpChannelOption,1.0,0.7104933828050145,0
411,io.netty.handler.codec.compression.ZlibCodecFactory,1.0,0.7776075786635526,0
412,io.netty.buffer.MessageBuf,1.0,0.5849625007211565,0
413,io.netty.testsuite.transport.socket.ServerSocketSuspendTest,0.9643975207161228,0.4221973813450627,0
414,io.netty.example.worldclock.WorldClockServerHandler,1.0,0.447458976971221,1
415,io.netty.util.internal.StringUtilTest,1.0,0.6374299206152919,0
416,io.netty.handler.codec.bytes.ByteArrayEncoder,1.0,0.2995602818589077,0
417,io.netty.channel.ChannelPropertyAccess,1.0,0.5849625007211565,0
418,io.netty.handler.codec.spdy.DefaultSpdyHeaders,0.9544476095949224,1.1495102213322606,0
419,io.netty.handler.codec.http.DefaultHttpMessage,1.0,1.2970989747695014,0
420,io.netty.channel.ChannelDuplexHandler,1.0,0.6780719051126372,0
421,io.netty.handler.codec.marshalling.RiverMarshallingEncoderTest,1.0,0.26303440583379356,0
422,io.netty.example.http.websocketx.server.WebSocketServer,0.8156986414423966,0.410792484897528,1
423,io.netty.example.portunification.PortUnificationServerHandler,1.0,0.9256178036774236,0
424,io.netty.channel.oio.AbstractOioByteChannel,1.0,0.8908764976491363,1
425,io.netty.handler.logging.LogLevel,1.0,0.41503749927884365,0
426,io.netty.example.worldclock.WorldClockClientHandler,1.0,1.3328231603569412,1
427,io.netty.handler.codec.spdy.SpdyDataFrame,1.0,0.6374299206152919,0
428,io.netty.example.portunification.PortUnificationServer,1.0,0.6111962106682237,1
429,io.netty.handler.codec.http.websocketx.WebSocket00FrameDecoder,1.0,1.3989168293961725,1
430,io.netty.handler.codec.http.DefaultLastHttpContent,0.9495953210235274,1.3169360506010512,0
431,io.netty.test.udt.nio.NioUdtByteRendezvousChannelTest,1.0,0.4629997092781117,0
432,io.netty.handler.codec.http.multipart.MemoryFileUpload,0.7094526418292171,0.990520435790762,0
433,io.netty.buffer.IllegalBufferAccessException,1.0,0.5849625007211565,0
434,io.netty.handler.codec.http.websocketx.WebSocket08FrameDecoder,0.9749263269301031,0.7971958147391783,2
435,com.sun.nio.sctp.UnsupportedOperatingSystemException,1.0,0.6605135337283327,0
436,io.netty.channel.ChannelFuture,1.0,0.8395353278067538,0
437,io.netty.util.internal.AbstractInternalLogger,1.0,1.4649735207179266,0
438,io.netty.handler.codec.compression.SnappyChecksumUtil,1.0,0.3833286395515058,0
439,io.netty.channel.ChannelInboundInvoker,1.0,0.7104933828050145,0
440,io.netty.example.sctp.OioSctpEchoClient,0.9594970225543111,0.7923084056971503,1
441,io.netty.handler.codec.socks.SocksCmdStatus,1.0,0.514573172829758,0
442,io.netty.handler.timeout.WriteTimeoutHandler,0.9061138155636794,1.1171670079836618,0
443,io.netty.util.internal.InternalLoggerFactory,1.0,0.6057210608879532,0
444,io.netty.channel.rxtx.RxtxChannelConfig,1.0,0.855610090664825,0
445,io.netty.handler.codec.serialization.SoftReferenceMap,1.0,0.26303440583379356,0
446,io.netty.handler.codec.DecoderException,1.0,0.5849625007211565,0
447,io.netty.microbench.buffer.ByteBufAllocatorBenchmark,0.9303828482340516,1.06406755346137,0
448,io.netty.handler.codec.marshalling.AbstractCompatibleMarshallingDecoderTest,0.8612482664184831,0.9718536197677221,0
449,io.netty.channel.ChannelTaskScheduler,0.8815462825178759,1.2818541791194562,0
450,io.netty.buffer.ByteBufOutputStream,1.0,1.901499750406556,0
451,io.netty.handler.ssl.NotSslRecordException,1.0,0.5849625007211565,0
452,io.netty.handler.codec.http.HttpContentEncoder,0.9828844488181707,0.648882089348322,10
453,io.netty.handler.stream.ChunkedFile,0.9306573555160832,1.1953481322964106,0
454,io.netty.handler.codec.serialization.ClassResolvers,1.0,0.6374299206152919,0
455,io.netty.channel.ChannelInitializer,1.0,0.3833286395515058,0
456,io.netty.example.objectecho.ObjectEchoClientHandler,1.0,1.1159093373431854,0
457,io.netty.testsuite.transport.socket.SocketSslEchoTest,0.9244671651031425,0.4828119182730989,0
458,io.netty.example.udt.echo.bytes.ByteEchoClient,0.960557398747928,0.8866745022665127,1
459,io.netty.handler.logging.ByteLoggingHandler,0.7636054583323806,0.9394367166797162,0
460,io.netty.handler.codec.socks.SocksAuthScheme,1.0,0.514573172829758,0
461,io.netty.channel.ChannelFutureListener,1.0,0.514573172829758,0
462,io.netty.testsuite.transport.socket.SocketFileRegionTest,1.0,0.7712437491614219,0
463,io.netty.channel.sctp.SctpChannelConfig,1.0,0.7935491225325737,0
464,io.netty.channel.udt.nio.NioUdtMessageConnectorChannel,0.9462651469160631,1.7466155552715925,0
465,io.netty.handler.codec.Delimiters,1.0,0.41503749927884365,0
466,io.netty.channel.ChannelStateHandlerAdapter,1.0,0.5849625007211565,1
467,io.netty.channel.aio.AbstractAioChannel,0.9547630754310628,1.4036774610288019,1
468,io.netty.handler.codec.serialization.SwitchableInputStream,1.0,0.26303440583379356,0
469,io.netty.handler.codec.marshalling.MarshallingEncoder,1.0,0.3833286395515058,0
470,io.netty.handler.codec.string.StringEncoder,1.0,0.5343364276511882,0
471,io.netty.channel.nio.NioEventLoop,0.8763877836529806,1.2076467678528755,3
472,io.netty.handler.codec.protobuf.ProtobufVarint32LengthFieldPrependerTest,1.0,0.5025003405291832,0
473,io.netty.example.sctp.SctpEchoClientHandler,1.0,0.8448299396939245,0
474,io.netty.util.NetUtilTest,1.0,0.7946810920224934,0
475,io.netty.example.proxy.HexDumpProxy,0.9870272366003885,0.9097895378397081,1
476,io.netty.example.sctp.NioSctpEchoServer,1.0,0.6111962106682237,1
477,io.netty.buffer.SlicedByteBufTest,1.0,0.8539096242533449,0
478,io.netty.handler.codec.socks.SocksCmdType,1.0,0.514573172829758,0
479,io.netty.handler.codec.http.CookieDecoderTest,1.0,0.8395353278067538,0
480,io.netty.channel.udt.UdtChannelOption,1.0,0.5849625007211565,0
481,io.netty.handler.codec.serialization.CompactObjectOutputStream,1.0,0.5343364276511882,0
482,io.netty.handler.codec.http.ClientCookieEncoder,1.0,0.5849625007211565,0
483,io.netty.handler.codec.spdy.DefaultSpdyGoAwayFrame,1.0,0.920272807529266,0
484,io.netty.handler.codec.http.websocketx.WebSocketServerHandshaker00,0.8668309711260871,0.8198243567468627,0
485,io.netty.handler.codec.http.HttpClientCodecTest,1.0,0.7673392432097246,0
486,io.netty.testsuite.transport.socket.DatagramUnicastTest,1.0,0.26303440583379356,0
487,io.netty.channel.socket.aio.AioSocketChannelConfig,1.0,0.84799690655495,0
488,io.netty.handler.stream.ChunkedStream,0.8480340568890989,0.9441078369318077,0
489,io.netty.example.uptime.UptimeClient,0.8745110108138056,0.8891645058508653,0
490,io.netty.example.http.snoop.HttpSnoopClient,0.8997981397144739,0.5358935130630958,1
491,io.netty.handler.codec.compression.SnappyChecksumUtilTest,1.0,0.41503749927884365,0
492,io.netty.handler.codec.sctp.SctpOutboundByteStreamHandler,1.0,0.3833286395515058,0
493,io.netty.channel.rxtx.RxtxDeviceAddress,1.0,0.7712437491614219,0
494,io.netty.channel.oio.AbstractOioMessageChannel,1.0,0.5849625007211559,0
495,io.netty.handler.codec.compression.SnappyTest,1.0,0.7104933828050145,0
496,io.netty.handler.codec.http.HttpConstants,1.0,0.7776075786635526,0
497,io.netty.channel.ChannelOutboundMessageHandlerAdapter,1.0,1.7049737455174876,0
498,io.netty.handler.codec.rtsp.RtspMethods,1.0,0.8712666858777969,0
499,io.netty.channel.sctp.SctpNotificationHandler,1.0,0.5506925986364105,0
500,io.netty.example.localecho.LocalEchoServerHandler,1.0,0.26303440583379356,0
501,io.netty.channel.local.LocalTransportThreadModelTest,0.9938834462104958,0.6138837552798659,0
502,io.netty.handler.codec.http.HttpHeaderDateFormatTest,1.0,0.2500473585999705,0
503,io.netty.channel.DefaultFileRegion,0.8953264121968909,0.8077150668352546,0
504,io.netty.testsuite.transport.socket.SocketEchoTest,1.0,1.0053664896793237,0
505,io.netty.handler.codec.http.HttpServerCodec,1.0,0.843880798082718,0
506,com.sun.nio.sctp.MessageInfo,1.0,0.7369655941662059,0
507,io.netty.example.http.upload.HttpUploadClientHandler,0.9994239217174195,0.33499184012394223,1
508,io.netty.handler.codec.spdy.SpdyPingFrame,1.0,0.26303440583379356,0
509,io.netty.handler.codec.marshalling.ContextBoundUnmarshallerProvider,1.0,0.2995602818589077,0
510,io.netty.buffer.DuplicateByteBufTest,1.0,0.5820474688588227,0
511,io.netty.handler.codec.http.CookieDecoder,1.0,0.3833286395515058,0
512,io.netty.channel.SingleThreadEventLoop,1.0,0.5849625007211565,2
513,io.netty.handler.codec.http.websocketx.WebSocketClientHandshaker07,0.9356261716913323,1.103468602401591,0
514,io.netty.test.udt.util.CaliperRunner,1.0,1.679358154211291,0
515,io.netty.channel.socket.ServerSocketChannelConfig,1.0,0.7776075786635526,0
516,io.netty.handler.codec.serialization.ObjectDecoder,1.0,0.5849625007211565,0
517,io.netty.example.udt.echo.rendevous.Config,1.0,0.5849625007211565,0
518,io.netty.handler.codec.LengthFieldPrepender,1.0,1.0130971932505355,0
519,io.netty.handler.codec.socks.SocksAddressType,1.0,0.514573172829758,0
520,io.netty.handler.codec.marshalling.DefaultUnmarshallerProvider,1.0,0.3833286395515058,0
521,io.netty.channel.socket.oio.OioSocketChannel,0.6699067244133521,1.2104245882379705,0
522,io.netty.handler.codec.protobuf.ProtobufDecoder,0.9736573805240513,0.4058146768787404,1
523,io.netty.handler.codec.http.HttpContent,1.0,0.41503749927884365,0
524,io.netty.buffer.ByteBufIndexFinder,1.0,0.7776075786635526,0
525,io.netty.channel.EventLoopGroup,1.0,0.41503749927884365,0
526,io.netty.channel.ChannelPromise,1.0,0.7935491225325737,0
527,io.netty.bootstrap.Bootstrap,0.9238902762083815,1.3547555513486125,1
528,io.netty.handler.codec.socks.SocksAuthResponseDecoder,0.8668309711260869,0.9193824439626097,1
529,io.netty.testsuite.util.BogusSslContextFactory,1.0,0.6780719051126372,0
530,io.netty.handler.timeout.WriteTimeoutException,1.0,0.41503749927884365,0
531,io.netty.handler.codec.socks.SocksProtocolVersion,1.0,0.514573172829758,0
532,io.netty.example.udt.echo.rendevous.MsgEchoPeerTwo,1.0,0.5574929506502404,0
533,io.netty.channel.local.LocalChannelRegistryTest,1.0,0.2995602818589077,0
534,io.netty.handler.codec.frame.LengthFieldBasedFrameDecoderTest,1.0,0.26303440583379356,0
535,io.netty.example.echo.EchoClient,0.9594970225543111,0.7923084056971503,1
536,io.netty.handler.codec.http.websocketx.CloseWebSocketFrame,1.0,0.8744691179161412,1
537,io.netty.handler.codec.spdy.SpdyStreamFrame,1.0,0.514573172829758,0
538,io.netty.example.socksproxy.DirectClientInitializer,1.0,0.2995602818589077,0
539,io.netty.buffer.ByteBufStreamTest,1.0,0.26303440583379356,0
540,io.netty.handler.ssl.ImmediateExecutor,1.0,0.41503749927884365,0
541,io.netty.example.qotm.QuoteOfTheMomentServer,1.0,0.6111962106682237,1
542,io.netty.handler.codec.socks.SocksCmdResponseDecoderTest,1.0,0.26303440583379356,0
543,io.netty.util.AttributeKey,nan,0.0,0
544,io.netty.buffer.ByteBufHolder,1.0,0.514573172829758,0
545,io.netty.handler.codec.compression.ZlibEncoder,1.0,0.41503749927884365,0
546,io.netty.example.securechat.SecureChatServerHandler,1.0,0.5849625007211559,2
547,io.netty.handler.codec.http.websocketx.WebSocketServerProtocolHandler,1.0,1.0000000000000002,1
548,io.netty.example.http.snoop.HttpSnoopClientInitializer,1.0,0.2995602818589077,0
549,io.netty.handler.codec.TooLongFrameException,1.0,0.5849625007211565,0
550,io.netty.handler.codec.spdy.SpdyHeaderBlockCompressor,1.0,0.514573172829758,0
551,io.netty.channel.aio.UnsafeAioChannelFinder,0.9989889648670878,0.3571475744064535,0
552,io.netty.handler.codec.http.QueryStringDecoderTest,1.0,0.27357628001517414,0
553,io.netty.handler.codec.spdy.SpdyHeaderBlockJZlibCompressor,1.0,0.6812850396923539,0
554,io.netty.handler.codec.http.DefaultHttpObject,1.0,0.4739311883324126,0
555,io.netty.handler.codec.serialization.WeakReferenceMap,1.0,0.26303440583379356,0
556,io.netty.handler.codec.frame.DelimiterBasedFrameDecoderTest,1.0,0.26303440583379356,0
557,io.netty.handler.codec.spdy.SpdyFrameCodec,1.0,0.843880798082718,0
558,io.netty.handler.codec.http.CookieEncoderUtil,1.0,1.1031562148684824,0
559,io.netty.testsuite.util.BogusTrustManagerFactory,1.0,0.6374299206152919,0
560,io.netty.example.socksproxy.CallbackNotifier,1.0,0.26303440583379356,0
561,io.netty.channel.ChannelException,1.0,0.5849625007211565,0
562,io.netty.handler.codec.serialization.CompactObjectInputStream,1.0,0.5343364276511882,0
563,io.netty.handler.codec.spdy.SpdyConstants,1.0,0.41503749927884365,0
564,io.netty.channel.local.LocalEventLoop,1.0,0.26303440583379356,1
565,io.netty.channel.ChannelConfig,1.0,0.7935491225325737,0
566,io.netty.example.socksproxy.SocksServerHandler,1.0,0.7002689647918644,2
567,io.netty.handler.codec.http.multipart.FileUpload,1.0,0.7369655941662059,0
568,io.netty.handler.codec.socks.SocksInitRequestDecoder,0.9645494873419876,0.9457435577747639,1
569,io.netty.example.sctp.SctpEchoServerHandler,1.0,0.2995602818589077,0
570,io.netty.example.securechat.SecureChatSslContextFactory,1.0,0.6780719051126372,0
571,com.sun.nio.sctp.AbstractNotificationHandler,1.0,0.5849625007211565,0
572,io.netty.handler.codec.rtsp.RtspResponseDecoder,1.0,0.6605135337283327,0
573,io.netty.test.udt.bench.xfer.UdtNative,0.8724898412917931,0.4354975089585152,0
574,io.netty.example.securechat.SecureChatClient,0.9888083218967888,0.6133984974684703,1
575,io.netty.example.http.upload.HttpUploadServer,0.8156986414423961,0.5628443540851483,1
576,io.netty.channel.socket.nio.ProtocolFamilyConverter,1.0,0.26303440583379356,0
577,io.netty.handler.codec.http.HttpRequestDecoder,1.0,0.5849625007211565,0
578,io.netty.channel.CompleteChannelFutureTest,0.8619886560022069,0.4385056230557565,0
579,io.netty.handler.codec.socks.SocksMessageEncoder,1.0,0.2995602818589077,0
580,io.netty.channel.EventLoopException,1.0,0.5849625007211565,0
581,io.netty.channel.MultithreadEventExecutorGroup,0.952200667174213,1.2425496440175292,0
582,io.netty.example.udt.echo.message.MsgEchoServer,0.9651856701821174,0.6851496712155282,1
583,io.netty.handler.codec.socks.SocksCmdRequestTest,1.0,0.5849625007211565,0
584,io.netty.handler.codec.compression.ZlibUtil,1.0,0.4739311883324126,0
585,io.netty.channel.udt.UdtMessage,nan,0.0,0
586,io.netty.channel.group.ChannelGroup,1.0,0.7104933828050145,0
587,io.netty.channel.AbstractEventLoopTest,1.0,0.4482714149273191,0
588,io.netty.channel.EventExecutorGroup,1.0,0.5849625007211565,0
589,io.netty.handler.codec.UnsupportedMessageTypeException,1.0,0.7145977811377512,0
590,io.netty.handler.codec.rtsp.RtspVersions,1.0,0.2995602818589077,0
591,io.netty.handler.codec.http.websocketx.WebSocketServerHandshaker07,1.0,0.6888508192558226,0
592,io.netty.example.objectecho.ObjectEchoClient,0.9594970225543111,0.7923084056971503,1
593,io.netty.handler.codec.socks.SocksAuthResponseDecoderTest,1.0,0.26303440583379356,0
594,io.netty.handler.codec.rtsp.RtspObjectDecoder,1.0,0.41503749927884365,0
595,io.netty.testsuite.transport.socket.AbstractSocketTest,0.9790495108627502,0.626748785017207,0
596,io.netty.testsuite.transport.sctp.SctpTestPermutation,1.0,0.3833286395515058,0
597,com.google.caliper.StandardVm,1.0,0.26303440583379356,0
598,io.netty.channel.local.LocalAddress,0.9299871711558517,1.4156744931176635,1
599,io.netty.handler.codec.spdy.DefaultSpdyHeadersFrame,1.0,0.8624964762500646,0
600,io.netty.handler.codec.MessageToMessageEncoder,nan,0.0,3
601,io.netty.channel.PartialFlushException,1.0,0.514573172829758,0
602,io.netty.example.factorial.FactorialClientInitializer,1.0,0.2995602818589077,0
603,io.netty.handler.codec.http.LastHttpContent,1.0,0.5849625007211565,0
604,io.netty.channel.oio.OioEventLoop,0.7276911603441629,0.4614525140480355,0
605,io.netty.handler.codec.http.CookieEncoderTest,1.0,0.5849625007211565,0
606,io.netty.example.telnet.TelnetServer,1.0,0.6111962106682237,1
607,io.netty.buffer.BigEndianDirectByteBufTest,1.0,0.2837999521242281,0
608,io.netty.util.DefaultAttributeMap,nan,0.0,0
609,io.netty.handler.codec.spdy.SpdyHttpCodec,1.0,0.7315111640740986,0
610,io.netty.channel.aio.AioCompletionHandler,0.9541976725306467,0.5593464064885315,1
611,io.netty.handler.codec.spdy.SpdySynReplyFrame,1.0,0.41503749927884365,0
612,io.netty.channel.udt.nio.NioUdtMessageAcceptorChannel,1.0,0.4739311883324126,0
613,io.netty.util.Attribute,1.0,0.6374299206152919,0
614,io.netty.buffer.UnpooledByteBufAllocator,1.0,0.6374299206152919,0
615,io.netty.handler.codec.socks.SocksCommonTestUtils,1.0,0.26303440583379356,0
616,io.netty.util.Signal,1.0,0.7713756249520377,0
617,io.netty.example.echo.EchoClientHandler,1.0,0.9067934378845594,0
618,io.netty.channel.EventExecutor,1.0,0.514573172829758,0
619,com.sun.nio.sctp.SctpSocketOption,1.0,0.26303440583379356,0
620,io.netty.handler.codec.http.HttpRequestEncoder,1.0,0.6309297535714571,0
621,io.netty.example.telnet.TelnetServerHandler,1.0,0.4739311883324126,1
622,io.netty.handler.codec.CodecException,1.0,0.5849625007211565,0
623,io.netty.handler.codec.bytes.ByteArrayDecoderTest,0.9848942425771062,0.49619857012387786,0
624,io.netty.channel.local.LocalChannelRegistry,1.0,0.45567948377618955,0
625,io.netty.testsuite.transport.socket.AbstractClientSocketTest,0.9898579356925419,0.7626666311916679,0
626,io.netty.channel.sctp.SctpServerChannel,1.0,0.6780719051126372,0
627,io.netty.handler.codec.http.HttpHeaderDateFormat,1.0,0.5343364276511882,0
628,io.netty.verify.osgi.DependencyIT,nan,0.0,0
629,io.netty.handler.codec.serialization.ObjectEncoder,nan,0.0,0
630,io.netty.example.discard.DiscardServer,1.0,0.6111962106682237,1
631,io.netty.channel.ChannelOutboundHandler,1.0,0.26303440583379356,0
632,io.netty.handler.codec.marshalling.AbstractCompatibleMarshallingEncoderTest,0.9231023738977295,0.4564433302777716,0
633,io.netty.buffer.ConsolidationTest,1.0,0.26303440583379356,0
634,io.netty.handler.codec.spdy.SpdyHeadersFrame,1.0,0.41503749927884365,0
635,io.netty.handler.codec.socks.SocksAuthRequestTest,1.0,0.41503749927884365,0
636,io.netty.handler.codec.socks.SocksSubnegotiationVersion,1.0,0.514573172829758,0
637,io.netty.handler.codec.spdy.SpdyHeaderBlockZlibDecompressor,0.9402975861787521,0.7403747567144681,0
638,io.netty.handler.codec.spdy.SpdyHeaderBlockDecompressor,1.0,0.514573172829758,0
639,io.netty.example.factorial.FactorialClient,0.9971408786467739,0.9499849631882142,1
640,io.netty.channel.embedded.EmbeddedMessageChannel,1.0,0.8624964762500646,0
641,io.netty.util.Timeout,1.0,0.5849625007211565,0
642,io.netty.util.ResourceLeakException,1.0,0.6022404921529918,0
643,io.netty.channel.FailedChannelFuture,0.8774067323691126,0.6294264692169339,0
644,io.netty.example.udt.echo.message.MsgEchoClientHandler,1.0,1.2409335458535409,2
645,io.netty.handler.codec.DelimiterBasedFrameDecoderTest,1.0,0.5849625007211565,0
646,io.netty.channel.ChannelInboundMessageHandlerAdapter,1.0,0.832648942221514,1
647,io.netty.example.http.websocketx.sslserver.WebSocketSslServer,0.8156986414423966,0.410792484897528,1
648,io.netty.example.factorial.FactorialServerHandler,0.9853492473801765,0.5921959156521979,1
649,io.netty.util.Timer,1.0,0.26303440583379356,0
650,io.netty.buffer.ReferenceCounted,1.0,0.5849625007211565,0
651,io.netty.example.udt.echo.rendevous.MsgEchoPeerBase,1.0,0.5343364276511882,0
652,io.netty.channel.socket.DefaultServerSocketChannelConfig,1.0,1.127039188589135,1
653,io.netty.channel.BlockingOperationException,1.0,0.5849625007211565,0
654,io.netty.handler.codec.protobuf.ProtobufVarint32FrameDecoderTest,1.0,0.24792751344358552,0
655,io.netty.example.filetransfer.FileServer,1.0,0.6111962106682237,2
656,io.netty.channel.SingleThreadEventLoopTest,0.9325543053980285,0.6624697646766506,0
657,io.netty.handler.codec.spdy.SpdyRstStreamFrame,1.0,0.514573172829758,0
658,io.netty.test.udt.util.UtilThreadFactory,1.0,0.3833286395515058,0
659,io.netty.channel.ChannelInboundByteHandler,1.0,0.26303440583379356,0
660,io.netty.example.qotm.QuoteOfTheMomentClientHandler,1.0,0.26303440583379356,1
661,com.sun.nio.sctp.SctpStandardSocketOptions,1.0,0.7589919004962047,0
662,io.netty.verify.osgi.NettyServiceProvider,1.0,0.3833286395515058,0
663,io.netty.handler.codec.socks.UnknownSocksResponse,1.0,0.26303440583379356,0
664,io.netty.example.localecho.LocalEcho,1.0,0.6111962106682237,1
665,io.netty.handler.codec.marshalling.SerialCompatibleMarshallingEncoderTest,1.0,0.26303440583379356,0
666,io.netty.handler.codec.http.websocketx.WebSocketUtil,1.0,0.6605135337283327,1
667,io.netty.handler.codec.http.FullHttpRequest,1.0,0.6374299206152919,0
668,io.netty.channel.socket.ServerSocketChannel,1.0,0.41503749927884365,0
669,io.netty.buffer.AbstractReferenceCountedByteBuf,0.9172106130352375,0.5687790344831841,1
670,io.netty.channel.ChannelInboundByteHandlerAdapter,1.0,0.5849625007211565,0
671,io.netty.example.telnet.TelnetClient,0.9888083218967888,0.6133984974684703,1
672,io.netty.example.socksproxy.SocksServer,0.8912517476633174,0.502180521465894,1
673,io.netty.channel.MultithreadEventLoopGroup,1.0,0.3833286395515058,1
674,io.netty.handler.codec.spdy.SpdyHttpResponseStreamIdHandler,1.0,0.9036774610288021,1
675,io.netty.handler.codec.ByteToByteEncoder,nan,0.0,1
676,io.netty.buffer.LittleEndianDirectByteBufTest,1.0,0.2837999521242281,0
677,io.netty.testsuite.transport.socket.DatagramMulticastTest,1.0,0.26303440583379356,0
678,io.netty.example.telnet.TelnetServerPipelineFactory,1.0,0.41503749927884365,0
679,io.netty.example.rxtx.RxtxClient,1.0,0.26303440583379356,1
680,io.netty.handler.codec.base64.Base64Decoder,1.0,0.4739311883324126,1
681,io.netty.channel.udt.nio.NioUdtByteAcceptorChannel,1.0,0.4739311883324126,0
682,io.netty.example.sctp.OioSctpEchoServer,1.0,0.6111962106682237,1
683,io.netty.example.http.websocketx.autobahn.AutobahnServer,0.8912517476633174,0.502180521465894,1
684,io.netty.channel.NoSuchBufferException,1.0,0.5849625007211565,0
685,io.netty.handler.stream.ChunkedInput,1.0,0.41503749927884365,0
686,io.netty.handler.codec.serialization.ClassLoaderClassResolver,1.0,0.6309297535714571,0
687,io.netty.handler.codec.marshalling.RiverMarshallingDecoderTest,1.0,0.26303440583379356,0
688,io.netty.example.rxtx.RxtxClientHandler,1.0,0.26303440583379356,1
689,io.netty.handler.codec.http.HttpRequest,1.0,0.5849625007211565,0
690,io.netty.handler.codec.http.websocketx.BinaryWebSocketFrame,1.0,0.4739311883324126,1
691,io.netty.channel.nio.NioTask,1.0,0.26303440583379356,0
692,io.netty.handler.codec.spdy.DefaultSpdyPingFrame,1.0,0.5405683813627024,0
693,io.netty.handler.codec.rtsp.RtspResponseEncoder,1.0,0.26303440583379356,0
694,io.netty.example.http.snoop.HttpSnoopClientHandler,1.0,0.26303440583379356,1
695,io.netty.handler.codec.http.websocketx.PingWebSocketFrame,1.0,0.4739311883324126,1
696,io.netty.example.echo.EchoServerHandler,1.0,0.4739311883324126,0
697,io.netty.handler.codec.http.websocketx.WebSocketClientHandshaker13,0.9356261716913323,1.103468602401591,0
698,io.netty.example.http.websocketx.client.WebSocketClient,0.953880541248586,0.45894909287148516,1
699,io.netty.test.udt.bench.BenchXfer,1.0,0.41503749927884365,0
700,io.netty.channel.FileRegion,1.0,0.41503749927884365,0
701,io.netty.handler.codec.spdy.DefaultSpdyHeaderBlock,1.0,1.1923418259988559,0
702,io.netty.handler.codec.socks.SocksInitResponse,1.0,0.9247307565206975,0
703,io.netty.handler.codec.http.websocketx.WebSocketClientHandshakerFactory,1.0,0.2995602818589077,0
704,io.netty.channel.ChannelInboundHandler,1.0,0.26303440583379356,0
705,io.netty.handler.codec.rtsp.RtspObjectEncoder,1.0,0.26303440583379356,0
706,io.netty.example.sctp.NioSctpEchoClient,0.9594970225543111,0.7923084056971503,1
707,io.netty.example.http.websocketx.html5.WebSocketServer,0.8912517476633174,0.502180521465894,1
708,io.netty.example.socksproxy.SocksServerConnectHandler,1.0,0.9430915186128765,1
709,io.netty.handler.codec.http.websocketx.WebSocketFrame,1.0,1.2454583566291848,1
710,io.netty.handler.codec.socks.SocksResponse,1.0,0.6309297535714571,0
711,io.netty.example.udt.echo.rendevous.MsgEchoPeerOne,1.0,0.5574929506502404,0
712,io.netty.handler.codec.marshalling.SerialMarshallingDecoderTest,1.0,0.26303440583379356,0
713,io.netty.channel.FailedChannelFutureTest,1.0,0.26303440583379356,0
714,io.netty.example.applet.AppletDiscardServer,0.9930312817929274,0.5680303282691526,2
715,io.netty.channel.nio.AbstractNioByteChannel,1.0,0.6605135337283327,4
716,io.netty.handler.codec.http.HttpObject,1.0,0.26303440583379356,0
717,io.netty.handler.codec.socks.UnknownSocksRequest,1.0,0.26303440583379356,0
718,io.netty.handler.codec.http.HttpServerCodecTest,nan,0.0,0
719,io.netty.verify.osgi.NioUdtMessageRendezvousChannelIT,1.0,0.2995602818589077,0
720,io.netty.handler.codec.spdy.SpdyHeaderBlock,1.0,0.41503749927884365,0
721,io.netty.handler.codec.compression.JZlibTest,1.0,0.41503749927884365,0
722,io.netty.testsuite.transport.socket.SocketStartTlsTest,1.0,0.9036774610288021,0
723,io.netty.testsuite.transport.socket.SocketShutdownOutputByPeerTest,1.0,0.514573172829758,0
724,io.netty.handler.timeout.TimeoutException,1.0,0.41503749927884365,0
725,io.netty.example.factorial.FactorialServer,1.0,0.6111962106682237,1
726,io.netty.channel.ChannelOutboundByteHandler,1.0,0.26303440583379356,0
727,io.netty.handler.codec.marshalling.SerialCompatibleMarshallingDecoderTest,1.0,0.26303440583379356,0
728,io.netty.handler.codec.LineBasedFrameDecoderTest,1.0,0.26303440583379356,0
729,io.netty.handler.codec.MessageToMessageDecoder,nan,0.0,2
730,io.netty.example.discard.DiscardClient,0.9902674882677999,0.5737527158070592,1
731,io.netty.handler.codec.MessageToByteEncoder,nan,0.0,0
732,io.netty.handler.codec.http.websocketx.UTF8Exception,1.0,0.26303440583379356,0
733,io.netty.channel.udt.UdtChannel,1.0,0.41503749927884365,0
734,io.netty.channel.socket.ChannelInputShutdownEvent,1.0,0.26303440583379356,0
735,io.netty.handler.codec.marshalling.SerialMarshallingEncoderTest,1.0,0.26303440583379356,0
736,io.netty.handler.codec.http.multipart.InterfaceHttpData,1.0,0.26303440583379356,0
737,io.netty.channel.ChannelHandlerType,1.0,0.26303440583379356,0
738,io.netty.example.socksproxy.SocksServerUtils,1.0,0.26303440583379356,0
739,io.netty.example.socksproxy.SocksServerInitializer,1.0,0.26303440583379356,0
